CustomerID,Age,City
C00001,52,Khobar
C00002,62,Taif
C00003,61,Taif
C00004,19,Tabuk
C00005,23,Dammam
C00006,34,Medina
C00007,23,Riyadh
C00008,21,Riyadh
C00009,23,Jeddah
C00010,21,Hail
C00011,32,Taif
C00012,28,Riyadh
C00013,26,Khobar
C00014,27,Khobar
C00015,32,Tabuk
C00016,33,Dammam
C00017,29,Taif
C00018,42,Medina
C00019,27,Abha
C00020,56,Jeddah
C00021,19,Khobar
C00022,24,Riyadh
C00023,69,Taif
C00024,46,Taif
C00025,69,Medina
C00026,68,Mecca
C00027,25,Riyadh
C00028,33,Dammam
C00029,31,Taif
C00030,49,Khobar
C00031,58,Hail
C00032,20,Abha
C00033,29,Mecca
C00034,64,Riyadh
C00035,45,Jeddah
C00036,61,Riyadh
C00037,33,Khobar
C00038,30,Abha
C00039,42,Mecca
C00040,56,Jeddah
C00041,68,Mecca
C00042,32,Khobar
C00043,46,Mecca
C00044,56,Tabuk
C00045,35,Khobar
C00046,43,Medina
C00047,20,Medina
C00048,52,Tabuk
C00049,59,Khobar
C00050,28,Jeddah
C00051,18,Abha
C00052,68,Hail
C00053,24,Taif
C00054,69,Tabuk
C00055,61,Taif
C00056,25,Hail
C00057,53,Riyadh
C00058,21,Tabuk
C00059,43,Mecca
C00060,48,Mecca
C00061,67,Taif
C00062,48,Riyadh
C00063,42,Mecca
C00064,25,Medina
C00065,43,Jeddah
C00066,61,Riyadh
C00067,45,Dammam
C00068,19,Mecca
C00069,45,Dammam
C00070,44,Dammam
C00071,30,Mecca
C00072,43,Tabuk
C00073,56,Mecca
C00074,62,Abha
C00075,63,Khobar
C00076,21,Tabuk
C00077,32,Dammam
C00078,69,Mecca
C00079,22,Medina
C00080,26,Hail
C00081,28,Khobar
C00082,42,Hail
C00083,39,Hail
C00084,57,Khobar
C00085,32,Hail
C00086,39,Riyadh
C00087,23,Taif
C00088,35,Khobar
C00089,20,Medina
C00090,47,Jeddah
C00091,45,Dammam
C00092,62,Dammam
C00093,36,Taif
C00094,48,Mecca
C00095,69,Dammam
C00096,68,Abha
C00097,21,Tabuk
C00098,22,Hail
C00099,68,Jeddah
C00100,21,Hail
C00101,20,Taif
C00102,57,Tabuk
C00103,48,Tabuk
C00104,38,Khobar
C00105,55,Abha
C00106,21,Mecca
C00107,67,Taif
C00108,66,Riyadh
C00109,43,Medina
C00110,67,Dammam
C00111,52,Khobar
C00112,29,Jeddah
C00113,33,Mecca
C00114,43,Medina
C00115,34,Medina
C00116,62,Dammam
C00117,34,Dammam
C00118,63,Tabuk
C00119,63,Tabuk
C00120,23,Riyadh
C00121,48,Riyadh
C00122,52,Khobar
C00123,31,Medina
C00124,48,Mecca
C00125,59,Riyadh
C00126,49,Mecca
C00127,18,Jeddah
C00128,52,Dammam
C00129,31,Taif
C00130,64,Taif
C00131,64,Jeddah
C00132,20,Hail
C00133,69,Medina
C00134,47,Jeddah
C00135,67,Tabuk
C00136,65,Tabuk
C00137,43,Dammam
C00138,34,Tabuk
C00139,45,Mecca
C00140,33,Jeddah
C00141,65,Jeddah
C00142,19,Medina
C00143,36,Mecca
C00144,34,Dammam
C00145,24,Dammam
C00146,55,Khobar
C00147,53,Riyadh
C00148,40,Abha
C00149,37,Mecca
C00150,57,Riyadh
C00151,34,Taif
C00152,30,Hail
C00153,42,Tabuk
C00154,23,Mecca
C00155,68,Riyadh
C00156,20,Riyadh
C00157,24,Dammam
C00158,37,Taif
C00159,30,Khobar
C00160,18,Hail
C00161,67,Taif
C00162,23,Jeddah
C00163,49,Mecca
C00164,22,Taif
C00165,52,Jeddah
C00166,42,Abha
C00167,64,Tabuk
C00168,51,Tabuk
C00169,63,Dammam
C00170,54,Riyadh
C00171,53,Jeddah
C00172,48,Abha
C00173,22,Riyadh
C00174,49,Dammam
C00175,27,Khobar
C00176,48,Jeddah
C00177,20,Taif
C00178,21,Dammam
C00179,42,Abha
C00180,54,Dammam
C00181,54,Dammam
C00182,56,Dammam
C00183,45,Tabuk
C00184,42,Mecca
C00185,22,Hail
C00186,58,Abha
C00187,42,Medina
C00188,21,Riyadh
C00189,48,Tabuk
C00190,50,Taif
C00191,34,Hail
C00192,61,Taif
C00193,27,Mecca
C00194,25,Mecca
C00195,21,Abha
C00196,46,Dammam
C00197,47,Medina
C00198,23,Riyadh
C00199,58,Mecca
C00200,19,Abha
C00201,53,Riyadh
C00202,27,Taif
C00203,56,Medina
C00204,59,Riyadh
C00205,59,Medina
C00206,42,Jeddah
C00207,23,Jeddah
C00208,47,Dammam
C00209,62,Abha
C00210,34,Dammam
C00211,59,Mecca
C00212,43,Abha
C00213,27,Khobar
C00214,32,Riyadh
C00215,40,Riyadh
C00216,27,Tabuk
C00217,19,Mecca
C00218,57,Taif
C00219,39,Riyadh
C00220,33,Riyadh
C00221,40,Mecca
C00222,44,Tabuk
C00223,56,Hail
C00224,28,Tabuk
C00225,33,Taif
C00226,61,Mecca
C00227,60,Riyadh
C00228,52,Jeddah
C00229,45,Jeddah
C00230,47,Hail
C00231,49,Hail
C00232,33,Abha
C00233,24,Dammam
C00234,49,Riyadh
C00235,60,Abha
C00236,21,Jeddah
C00237,68,Hail
C00238,65,Taif
C00239,68,Taif
C00240,22,Dammam
C00241,64,Khobar
C00242,25,Tabuk
C00243,48,Abha
C00244,63,Jeddah
C00245,40,Riyadh
C00246,42,Taif
C00247,36,Khobar
C00248,53,Taif
C00249,42,Jeddah
C00250,24,Dammam
C00251,35,Abha
C00252,29,Medina
C00253,57,Jeddah
C00254,20,Khobar
C00255,66,Taif
C00256,64,Taif
C00257,57,Mecca
C00258,59,Riyadh
C00259,61,Abha
C00260,53,Medina
C00261,22,Hail
C00262,56,Taif
C00263,68,Tabuk
C00264,46,Abha
C00265,38,Abha
C00266,18,Dammam
C00267,33,Mecca
C00268,55,Jeddah
C00269,30,Mecca
C00270,28,Taif
C00271,31,Tabuk
C00272,21,Jeddah
C00273,65,Medina
C00274,21,Abha
C00275,49,Khobar
C00276,46,Tabuk
C00277,54,Khobar
C00278,24,Dammam
C00279,48,Medina
C00280,44,Taif
C00281,30,Riyadh
C00282,30,Medina
C00283,61,Taif
C00284,57,Taif
C00285,60,Riyadh
C00286,64,Tabuk
C00287,30,Khobar
C00288,44,Medina
C00289,34,Tabuk
C00290,63,Taif
C00291,65,Medina
C00292,28,Medina
C00293,32,Riyadh
C00294,45,Jeddah
C00295,34,Tabuk
C00296,37,Tabuk
C00297,24,Taif
C00298,60,Medina
C00299,60,Riyadh
C00300,64,Mecca
C00301,19,Hail
C00302,19,Jeddah
C00303,53,Medina
C00304,53,Medina
C00305,33,Abha
C00306,35,Abha
C00307,55,Dammam
C00308,19,Riyadh
C00309,40,Riyadh
C00310,50,Taif
C00311,30,Dammam
C00312,46,Taif
C00313,37,Medina
C00314,55,Hail
C00315,40,Taif
C00316,40,Hail
C00317,34,Khobar
C00318,38,Medina
C00319,42,Hail
C00320,67,Taif
C00321,57,Tabuk
C00322,54,Jeddah
C00323,55,Khobar
C00324,40,Mecca
C00325,57,Taif
C00326,33,Mecca
C00327,44,Jeddah
C00328,36,Tabuk
C00329,52,Abha
C00330,33,Taif
C00331,39,Taif
C00332,68,Tabuk
C00333,65,Jeddah
C00334,51,Hail
C00335,49,Abha
C00336,65,Hail
C00337,22,Taif
C00338,45,Hail
C00339,51,Hail
C00340,23,Tabuk
C00341,53,Jeddah
C00342,46,Riyadh
C00343,50,Abha
C00344,50,Riyadh
C00345,65,Hail
C00346,57,Abha
C00347,54,Riyadh
C00348,23,Mecca
C00349,50,Khobar
C00350,44,Jeddah
C00351,44,Medina
C00352,34,Abha
C00353,67,Hail
C00354,46,Jeddah
C00355,63,Khobar
C00356,66,Hail
C00357,69,Riyadh
C00358,34,Riyadh
C00359,59,Taif
C00360,48,Khobar
C00361,54,Medina
C00362,54,Jeddah
C00363,42,Taif
C00364,27,Dammam
C00365,41,Khobar
C00366,63,Tabuk
C00367,21,Hail
C00368,47,Riyadh
C00369,23,Riyadh
C00370,22,Dammam
C00371,23,Dammam
C00372,61,Taif
C00373,67,Dammam
C00374,66,Mecca
C00375,49,Mecca
C00376,35,Tabuk
C00377,18,Abha
C00378,56,Abha
C00379,23,Taif
C00380,41,Tabuk
C00381,64,Taif
C00382,68,Hail
C00383,59,Tabuk
C00384,42,Medina
C00385,63,Medina
C00386,58,Mecca
C00387,59,Abha
C00388,44,Medina
C00389,54,Tabuk
C00390,60,Medina
C00391,60,Medina
C00392,26,Riyadh
C00393,59,Dammam
C00394,60,Mecca
C00395,64,Tabuk
C00396,39,Jeddah
C00397,28,Riyadh
C00398,46,Dammam
C00399,26,Dammam
C00400,53,Riyadh
C00401,18,Jeddah
C00402,41,Medina
C00403,58,Jeddah
C00404,41,Mecca
C00405,33,Jeddah
C00406,55,Hail
C00407,63,Tabuk
C00408,37,Riyadh
C00409,23,Medina
C00410,33,Riyadh
C00411,24,Mecca
C00412,29,Tabuk
C00413,62,Medina
C00414,40,Taif
C00415,55,Taif
C00416,66,Riyadh
C00417,40,Tabuk
C00418,68,Riyadh
C00419,23,Jeddah
C00420,49,Jeddah
C00421,50,Dammam
C00422,39,Mecca
C00423,30,Taif
C00424,36,Hail
C00425,35,Taif
C00426,65,Hail
C00427,68,Abha
C00428,49,Tabuk
C00429,47,Jeddah
C00430,58,Taif
C00431,18,Mecca
C00432,60,Abha
C00433,58,Riyadh
C00434,40,Mecca
C00435,26,Tabuk
C00436,30,Khobar
C00437,24,Abha
C00438,41,Medina
C00439,41,Medina
C00440,39,Medina
C00441,55,Medina
C00442,30,Medina
C00443,27,Mecca
C00444,45,Medina
C00445,18,Khobar
C00446,31,Taif
C00447,33,Tabuk
C00448,66,Dammam
C00449,28,Khobar
C00450,45,Medina
C00451,69,Medina
C00452,50,Taif
C00453,28,Taif
C00454,25,Medina
C00455,62,Taif
C00456,33,Jeddah
C00457,24,Medina
C00458,27,Khobar
C00459,29,Dammam
C00460,40,Medina
C00461,63,Hail
C00462,48,Hail
C00463,52,Khobar
C00464,47,Hail
C00465,41,Mecca
C00466,25,Riyadh
C00467,36,Taif
C00468,30,Jeddah
C00469,24,Khobar
C00470,37,Khobar
C00471,59,Abha
C00472,62,Tabuk
C00473,22,Khobar
C00474,38,Khobar
C00475,67,Tabuk
C00476,59,Jeddah
C00477,50,Tabuk
C00478,18,Abha
C00479,45,Hail
C00480,39,Hail
C00481,21,Hail
C00482,69,Khobar
C00483,24,Khobar
C00484,69,Taif
C00485,51,Riyadh
C00486,39,Hail
C00487,25,Abha
C00488,36,Mecca
C00489,38,Medina
C00490,28,Medina
C00491,19,Hail
C00492,19,Jeddah
C00493,21,Dammam
C00494,21,Hail
C00495,67,Taif
C00496,45,Medina
C00497,34,Jeddah
C00498,22,Abha
C00499,20,Khobar
C00500,39,Mecca
C00501,56,Taif
C00502,40,Hail
C00503,65,Medina
C00504,52,Abha
C00505,20,Riyadh
C00506,68,Riyadh
C00507,46,Jeddah
C00508,56,Tabuk
C00509,68,Tabuk
C00510,52,Riyadh
C00511,38,Medina
C00512,59,Mecca
C00513,42,Abha
C00514,59,Riyadh
C00515,36,Abha
C00516,18,Hail
C00517,56,Dammam
C00518,60,Mecca
C00519,22,Tabuk
C00520,47,Riyadh
C00521,50,Abha
C00522,18,Hail
C00523,38,Mecca
C00524,50,Mecca
C00525,29,Abha
C00526,21,Mecca
C00527,43,Khobar
C00528,18,Taif
C00529,33,Jeddah
C00530,32,Khobar
C00531,23,Dammam
C00532,45,Khobar
C00533,28,Medina
C00534,29,Riyadh
C00535,26,Abha
C00536,28,Riyadh
C00537,20,Abha
C00538,29,Riyadh
C00539,51,Mecca
C00540,43,Mecca
C00541,30,Mecca
C00542,64,Abha
C00543,66,Dammam
C00544,50,Taif
C00545,30,Tabuk
C00546,22,Mecca
C00547,27,Medina
C00548,56,Abha
C00549,20,Riyadh
C00550,36,Hail
C00551,31,Riyadh
C00552,54,Khobar
C00553,65,Medina
C00554,50,Mecca
C00555,51,Riyadh
C00556,49,Taif
C00557,19,Tabuk
C00558,66,Taif
C00559,55,Mecca
C00560,56,Dammam
C00561,35,Dammam
C00562,31,Dammam
C00563,69,Mecca
C00564,54,Dammam
C00565,47,Jeddah
C00566,28,Mecca
C00567,61,Mecca
C00568,53,Abha
C00569,50,Jeddah
C00570,28,Jeddah
C00571,29,Hail
C00572,41,Khobar
C00573,65,Khobar
C00574,69,Khobar
C00575,18,Mecca
C00576,57,Taif
C00577,67,Abha
C00578,69,Dammam
C00579,31,Jeddah
C00580,58,Dammam
C00581,54,Mecca
C00582,38,Medina
C00583,69,Dammam
C00584,41,Dammam
C00585,23,Taif
C00586,63,Abha
C00587,32,Jeddah
C00588,43,Riyadh
C00589,24,Taif
C00590,55,Khobar
C00591,43,Khobar
C00592,54,Taif
C00593,31,Abha
C00594,35,Dammam
C00595,40,Jeddah
C00596,61,Riyadh
C00597,18,Abha
C00598,49,Medina
C00599,41,Mecca
C00600,38,Dammam
C00601,55,Hail
C00602,60,Taif
C00603,34,Dammam
C00604,21,Jeddah
C00605,26,Dammam
C00606,24,Hail
C00607,65,Medina
C00608,53,Mecca
C00609,57,Khobar
C00610,24,Medina
C00611,54,Dammam
C00612,26,Mecca
C00613,69,Hail
C00614,55,Medina
C00615,32,Jeddah
C00616,40,Mecca
C00617,63,Dammam
C00618,50,Riyadh
C00619,41,Mecca
C00620,59,Mecca
C00621,68,Abha
C00622,53,Mecca
C00623,65,Khobar
C00624,28,Dammam
C00625,59,Abha
C00626,55,Tabuk
C00627,64,Mecca
C00628,24,Dammam
C00629,51,Jeddah
C00630,63,Mecca
C00631,20,Mecca
C00632,50,Hail
C00633,43,Jeddah
C00634,55,Jeddah
C00635,52,Jeddah
C00636,26,Hail
C00637,53,Mecca
C00638,68,Abha
C00639,18,Medina
C00640,63,Dammam
C00641,31,Mecca
C00642,35,Riyadh
C00643,25,Hail
C00644,40,Abha
C00645,53,Dammam
C00646,69,Medina
C00647,41,Khobar
C00648,40,Hail
C00649,43,Abha
C00650,35,Medina
C00651,24,Mecca
C00652,62,Taif
C00653,44,Dammam
C00654,25,Khobar
C00655,61,Jeddah
C00656,48,Mecca
C00657,59,Abha
C00658,49,Mecca
C00659,48,Taif
C00660,22,Khobar
C00661,29,Dammam
C00662,51,Riyadh
C00663,33,Hail
C00664,55,Jeddah
C00665,55,Medina
C00666,33,Khobar
C00667,66,Khobar
C00668,44,Dammam
C00669,66,Mecca
C00670,29,Tabuk
C00671,40,Khobar
C00672,50,Medina
C00673,44,Khobar
C00674,39,Jeddah
C00675,51,Taif
C00676,56,Medina
C00677,18,Jeddah
C00678,44,Khobar
C00679,21,Hail
C00680,32,Tabuk
C00681,62,Dammam
C00682,68,Jeddah
C00683,59,Riyadh
C00684,23,Medina
C00685,24,Taif
C00686,19,Khobar
C00687,24,Mecca
C00688,59,Hail
C00689,36,Medina
C00690,40,Riyadh
C00691,28,Tabuk
C00692,44,Khobar
C00693,52,Medina
C00694,59,Jeddah
C00695,37,Riyadh
C00696,30,Medina
C00697,33,Hail
C00698,23,Jeddah
C00699,46,Riyadh
C00700,69,Hail
C00701,61,Tabuk
C00702,20,Abha
C00703,47,Tabuk
C00704,56,Tabuk
C00705,47,Taif
C00706,45,Taif
C00707,56,Riyadh
C00708,55,Tabuk
C00709,51,Riyadh
C00710,43,Riyadh
C00711,59,Abha
C00712,38,Khobar
C00713,63,Hail
C00714,52,Abha
C00715,50,Abha
C00716,43,Taif
C00717,48,Abha
C00718,28,Jeddah
C00719,41,Tabuk
C00720,62,Tabuk
C00721,31,Mecca
C00722,32,Mecca
C00723,33,Medina
C00724,47,Tabuk
C00725,66,Tabuk
C00726,35,Tabuk
C00727,50,Hail
C00728,24,Khobar
C00729,20,Medina
C00730,43,Taif
C00731,68,Medina
C00732,66,Riyadh
C00733,41,Tabuk
C00734,49,Taif
C00735,67,Medina
C00736,30,Medina
C00737,50,Hail
C00738,27,Abha
C00739,69,Riyadh
C00740,49,Riyadh
C00741,21,Mecca
C00742,56,Mecca
C00743,37,Khobar
C00744,25,Riyadh
C00745,66,Jeddah
C00746,38,Dammam
C00747,69,Tabuk
C00748,51,Hail
C00749,27,Jeddah
C00750,64,Abha
C00751,24,Riyadh
C00752,24,Medina
C00753,48,Mecca
C00754,29,Taif
C00755,25,Dammam
C00756,53,Jeddah
C00757,42,Tabuk
C00758,39,Hail
C00759,30,Medina
C00760,43,Mecca
C00761,56,Taif
C00762,20,Abha
C00763,18,Dammam
C00764,50,Riyadh
C00765,51,Hail
C00766,36,Tabuk
C00767,67,Medina
C00768,51,Dammam
C00769,37,Dammam
C00770,56,Hail
C00771,66,Mecca
C00772,61,Abha
C00773,49,Riyadh
C00774,27,Dammam
C00775,36,Mecca
C00776,38,Riyadh
C00777,66,Jeddah
C00778,41,Taif
C00779,44,Dammam
C00780,58,Dammam
C00781,24,Taif
C00782,24,Abha
C00783,25,Tabuk
C00784,41,Tabuk
C00785,22,Mecca
C00786,34,Dammam
C00787,18,Riyadh
C00788,47,Hail
C00789,68,Medina
C00790,61,Mecca
C00791,49,Tabuk
C00792,33,Riyadh
C00793,27,Taif
C00794,41,Tabuk
C00795,23,Riyadh
C00796,57,Mecca
C00797,35,Jeddah
C00798,30,Medina
C00799,38,Khobar
C00800,41,Taif
C00801,59,Hail
C00802,56,Medina
C00803,31,Medina
C00804,58,Jeddah
C00805,35,Hail
C00806,42,Medina
C00807,57,Riyadh
C00808,35,Khobar
C00809,23,Hail
C00810,62,Tabuk
C00811,23,Tabuk
C00812,34,Taif
C00813,61,Jeddah
C00814,40,Jeddah
C00815,41,Khobar
C00816,32,Taif
C00817,34,Dammam
C00818,33,Jeddah
C00819,43,Khobar
C00820,52,Tabuk
C00821,64,Riyadh
C00822,32,Khobar
C00823,43,Khobar
C00824,45,Dammam
C00825,26,Dammam
C00826,68,Jeddah
C00827,23,Medina
C00828,42,Medina
C00829,30,Tabuk
C00830,33,Hail
C00831,41,Khobar
C00832,52,Riyadh
C00833,50,Dammam
C00834,61,Medina
C00835,68,Hail
C00836,38,Riyadh
C00837,42,Hail
C00838,56,Abha
C00839,18,Taif
C00840,37,Tabuk
C00841,44,Medina
C00842,21,Jeddah
C00843,46,Jeddah
C00844,42,Dammam
C00845,42,Tabuk
C00846,61,Mecca
C00847,21,Abha
C00848,47,Abha
C00849,43,Jeddah
C00850,63,Medina
C00851,42,Medina
C00852,37,Mecca
C00853,47,Riyadh
C00854,56,Mecca
C00855,69,Dammam
C00856,28,Taif
C00857,60,Taif
C00858,21,Khobar
C00859,62,Abha
C00860,65,Medina
C00861,43,Dammam
C00862,29,Dammam
C00863,41,Riyadh
C00864,35,Mecca
C00865,42,Tabuk
C00866,32,Taif
C00867,66,Hail
C00868,31,Tabuk
C00869,18,Khobar
C00870,26,Tabuk
C00871,51,Mecca
C00872,21,Mecca
C00873,42,Riyadh
C00874,57,Dammam
C00875,40,Khobar
C00876,69,Dammam
C00877,19,Hail
C00878,40,Medina
C00879,30,Taif
C00880,27,Tabuk
C00881,57,Tabuk
C00882,45,Khobar
C00883,31,Mecca
C00884,19,Medina
C00885,62,Medina
C00886,30,Taif
C00887,26,Khobar
C00888,26,Taif
C00889,41,Mecca
C00890,51,Dammam
C00891,23,Dammam
C00892,43,Jeddah
C00893,42,Dammam
C00894,67,Tabuk
C00895,39,Riyadh
C00896,20,Taif
C00897,31,Khobar
C00898,65,Medina
C00899,55,Medina
C00900,67,Jeddah
C00901,18,Taif
C00902,47,Tabuk
C00903,43,Mecca
C00904,48,Riyadh
C00905,18,Taif
C00906,60,Mecca
C00907,58,Tabuk
C00908,66,Mecca
C00909,63,Medina
C00910,58,Riyadh
C00911,36,Mecca
C00912,52,Taif
C00913,62,Medina
C00914,44,Taif
C00915,59,Tabuk
C00916,24,Medina
C00917,55,Riyadh
C00918,34,Riyadh
C00919,69,Abha
C00920,31,Taif
C00921,35,Abha
C00922,63,Jeddah
C00923,20,Jeddah
C00924,49,Riyadh
C00925,49,Medina
C00926,40,Hail
C00927,23,Mecca
C00928,34,Medina
C00929,38,Khobar
C00930,54,Taif
C00931,49,Mecca
C00932,34,Dammam
C00933,34,Mecca
C00934,27,Abha
C00935,43,Riyadh
C00936,62,Abha
C00937,18,Jeddah
C00938,36,Abha
C00939,39,Abha
C00940,44,Mecca
C00941,51,Riyadh
C00942,58,Riyadh
C00943,67,Abha
C00944,43,Mecca
C00945,63,Tabuk
C00946,44,Abha
C00947,32,Riyadh
C00948,44,Dammam
C00949,54,Tabuk
C00950,29,Taif
C00951,43,Abha
C00952,69,Hail
C00953,56,Taif
C00954,31,Jeddah
C00955,49,Abha
C00956,33,Abha
C00957,21,Jeddah
C00958,69,Tabuk
C00959,49,Hail
C00960,27,Riyadh
C00961,47,Tabuk
C00962,57,Khobar
C00963,27,Dammam
C00964,24,Hail
C00965,21,Abha
C00966,52,Hail
C00967,66,Medina
C00968,57,Mecca
C00969,35,Jeddah
C00970,32,Hail
C00971,51,Khobar
C00972,68,Mecca
C00973,49,Riyadh
C00974,46,Tabuk
C00975,58,Hail
C00976,69,Taif
C00977,41,Khobar
C00978,66,Mecca
C00979,19,Hail
C00980,63,Riyadh
C00981,55,Taif
C00982,20,Hail
C00983,33,Medina
C00984,61,Jeddah
C00985,21,Khobar
C00986,23,Abha
C00987,58,Abha
C00988,27,Khobar
C00989,57,Hail
C00990,60,Abha
C00991,34,Hail
C00992,46,Tabuk
C00993,20,Abha
C00994,25,Medina
C00995,23,Abha
C00996,48,Riyadh
C00997,51,Medina
C00998,63,Hail
C00999,21,Medina
C01000,25,Tabuk
C01001,34,Dammam
C01002,48,Mecca
C01003,62,Tabuk
C01004,69,Taif
C01005,55,Taif
C01006,63,Hail
C01007,58,Jeddah
C01008,44,Riyadh
C01009,33,Abha
C01010,64,Taif
C01011,34,Dammam
C01012,64,Khobar
C01013,22,Tabuk
C01014,56,Riyadh
C01015,54,Jeddah
C01016,54,Khobar
C01017,38,Riyadh
C01018,56,Hail
C01019,46,Tabuk
C01020,58,Taif
C01021,60,Khobar
C01022,36,Tabuk
C01023,51,Khobar
C01024,60,Abha
C01025,23,Medina
C01026,23,Abha
C01027,66,Medina
C01028,21,Mecca
C01029,67,Abha
C01030,28,Riyadh
C01031,33,Abha
C01032,59,Mecca
C01033,64,Dammam
C01034,45,Taif
C01035,57,Riyadh
C01036,23,Medina
C01037,67,Taif
C01038,63,Medina
C01039,32,Khobar
C01040,21,Dammam
C01041,44,Tabuk
C01042,57,Mecca
C01043,43,Khobar
C01044,51,Mecca
C01045,55,Tabuk
C01046,34,Abha
C01047,28,Medina
C01048,40,Khobar
C01049,43,Medina
C01050,34,Riyadh
C01051,52,Medina
C01052,48,Medina
C01053,57,Abha
C01054,27,Abha
C01055,64,Jeddah
C01056,56,Khobar
C01057,66,Tabuk
C01058,42,Mecca
C01059,38,Hail
C01060,62,Taif
C01061,55,Riyadh
C01062,26,Taif
C01063,51,Khobar
C01064,26,Mecca
C01065,65,Jeddah
C01066,28,Medina
C01067,41,Tabuk
C01068,29,Mecca
C01069,28,Tabuk
C01070,55,Riyadh
C01071,41,Abha
C01072,25,Jeddah
C01073,24,Tabuk
C01074,37,Khobar
C01075,51,Taif
C01076,63,Taif
C01077,22,Abha
C01078,21,Taif
C01079,46,Jeddah
C01080,60,Medina
C01081,42,Riyadh
C01082,67,Abha
C01083,41,Hail
C01084,57,Abha
C01085,35,Taif
C01086,25,Riyadh
C01087,60,Dammam
C01088,59,Hail
C01089,19,Taif
C01090,40,Taif
C01091,57,Khobar
C01092,30,Dammam
C01093,39,Taif
C01094,56,Abha
C01095,50,Riyadh
C01096,55,Jeddah
C01097,48,Jeddah
C01098,48,Medina
C01099,56,Dammam
C01100,18,Jeddah
C01101,32,Jeddah
C01102,22,Jeddah
C01103,23,Medina
C01104,69,Mecca
C01105,33,Mecca
C01106,40,Mecca
C01107,68,Jeddah
C01108,31,Taif
C01109,51,Taif
C01110,20,Mecca
C01111,28,Dammam
C01112,69,Mecca
C01113,39,Riyadh
C01114,20,Taif
C01115,45,Riyadh
C01116,46,Riyadh
C01117,63,Medina
C01118,28,Hail
C01119,18,Mecca
C01120,58,Hail
C01121,40,Khobar
C01122,62,Riyadh
C01123,19,Hail
C01124,52,Taif
C01125,38,Mecca
C01126,31,Mecca
C01127,22,Taif
C01128,18,Tabuk
C01129,53,Abha
C01130,26,Abha
C01131,27,Dammam
C01132,67,Medina
C01133,29,Abha
C01134,66,Mecca
C01135,50,Dammam
C01136,50,Abha
C01137,52,Taif
C01138,40,Medina
C01139,47,Medina
C01140,63,Tabuk
C01141,23,Mecca
C01142,63,Mecca
C01143,34,Hail
C01144,33,Jeddah
C01145,64,Khobar
C01146,26,Abha
C01147,59,Abha
C01148,44,Tabuk
C01149,68,Hail
C01150,62,Abha
C01151,33,Taif
C01152,20,Mecca
C01153,36,Khobar
C01154,34,Khobar
C01155,41,Riyadh
C01156,52,Riyadh
C01157,19,Khobar
C01158,38,Riyadh
C01159,61,Khobar
C01160,45,Mecca
C01161,26,Mecca
C01162,68,Jeddah
C01163,29,Jeddah
C01164,69,Abha
C01165,41,Riyadh
C01166,59,Medina
C01167,51,Dammam
C01168,24,Dammam
C01169,48,Mecca
C01170,64,Riyadh
C01171,26,Hail
C01172,29,Abha
C01173,33,Medina
C01174,25,Riyadh
C01175,52,Hail
C01176,18,Tabuk
C01177,65,Dammam
C01178,33,Medina
C01179,56,Hail
C01180,52,Riyadh
C01181,42,Abha
C01182,44,Mecca
C01183,57,Taif
C01184,31,Medina
C01185,34,Mecca
C01186,35,Riyadh
C01187,41,Taif
C01188,38,Jeddah
C01189,32,Taif
C01190,55,Riyadh
C01191,47,Hail
C01192,39,Hail
C01193,62,Mecca
C01194,25,Hail
C01195,44,Riyadh
C01196,33,Abha
C01197,30,Jeddah
C01198,54,Medina
C01199,67,Riyadh
C01200,68,Abha
C01201,42,Medina
C01202,57,Khobar
C01203,31,Medina
C01204,48,Tabuk
C01205,29,Abha
C01206,33,Medina
C01207,23,Hail
C01208,44,Dammam
C01209,35,Riyadh
C01210,52,Taif
C01211,36,Medina
C01212,38,Dammam
C01213,34,Khobar
C01214,21,Jeddah
C01215,53,Abha
C01216,24,Jeddah
C01217,67,Tabuk
C01218,55,Taif
C01219,20,Mecca
C01220,53,Abha
C01221,31,Tabuk
C01222,18,Hail
C01223,19,Hail
C01224,18,Mecca
C01225,66,Dammam
C01226,22,Medina
C01227,52,Jeddah
C01228,23,Medina
C01229,19,Khobar
C01230,50,Jeddah
C01231,67,Riyadh
C01232,20,Khobar
C01233,53,Riyadh
C01234,62,Dammam
C01235,49,Dammam
C01236,39,Khobar
C01237,56,Tabuk
C01238,39,Khobar
C01239,46,Mecca
C01240,29,Dammam
C01241,34,Taif
C01242,62,Tabuk
C01243,60,Mecca
C01244,28,Mecca
C01245,32,Tabuk
C01246,60,Taif
C01247,46,Mecca
C01248,60,Khobar
C01249,48,Riyadh
C01250,44,Khobar
C01251,27,Tabuk
C01252,56,Mecca
C01253,66,Taif
C01254,23,Hail
C01255,42,Khobar
C01256,43,Hail
C01257,68,Hail
C01258,33,Khobar
C01259,19,Mecca
C01260,46,Riyadh
C01261,28,Taif
C01262,23,Mecca
C01263,56,Taif
C01264,54,Jeddah
C01265,68,Tabuk
C01266,64,Riyadh
C01267,52,Abha
C01268,23,Tabuk
C01269,59,Medina
C01270,38,Riyadh
C01271,36,Khobar
C01272,64,Hail
C01273,30,Hail
C01274,56,Dammam
C01275,67,Tabuk
C01276,19,Jeddah
C01277,51,Mecca
C01278,31,Dammam
C01279,31,Medina
C01280,42,Hail
C01281,23,Tabuk
C01282,32,Abha
C01283,24,Riyadh
C01284,28,Dammam
C01285,56,Abha
C01286,29,Khobar
C01287,64,Dammam
C01288,41,Abha
C01289,39,Taif
C01290,25,Dammam
C01291,48,Jeddah
C01292,65,Riyadh
C01293,48,Riyadh
C01294,66,Jeddah
C01295,45,Jeddah
C01296,25,Medina
C01297,22,Tabuk
C01298,57,Hail
C01299,58,Mecca
C01300,18,Tabuk
C01301,69,Khobar
C01302,65,Medina
C01303,31,Khobar
C01304,34,Khobar
C01305,18,Jeddah
C01306,24,Tabuk
C01307,69,Jeddah
C01308,67,Abha
C01309,62,Dammam
C01310,31,Mecca
C01311,34,Mecca
C01312,50,Hail
C01313,45,Dammam
C01314,38,Khobar
C01315,66,Medina
C01316,57,Hail
C01317,32,Medina
C01318,34,Taif
C01319,69,Khobar
C01320,35,Riyadh
C01321,22,Tabuk
C01322,54,Dammam
C01323,58,Tabuk
C01324,23,Mecca
C01325,55,Riyadh
C01326,38,Tabuk
C01327,48,Hail
C01328,40,Khobar
C01329,27,Khobar
C01330,50,Tabuk
C01331,63,Khobar
C01332,24,Hail
C01333,27,Khobar
C01334,27,Jeddah
C01335,28,Jeddah
C01336,41,Dammam
C01337,20,Taif
C01338,58,Jeddah
C01339,48,Abha
C01340,69,Taif
C01341,40,Mecca
C01342,65,Tabuk
C01343,18,Mecca
C01344,67,Mecca
C01345,61,Taif
C01346,30,Hail
C01347,46,Jeddah
C01348,62,Riyadh
C01349,51,Medina
C01350,25,Riyadh
C01351,64,Mecca
C01352,33,Abha
C01353,53,Medina
C01354,55,Mecca
C01355,21,Riyadh
C01356,35,Medina
C01357,53,Hail
C01358,39,Mecca
C01359,27,Taif
C01360,35,Medina
C01361,28,Tabuk
C01362,38,Abha
C01363,57,Tabuk
C01364,61,Tabuk
C01365,66,Mecca
C01366,63,Hail
C01367,37,Khobar
C01368,57,Jeddah
C01369,52,Jeddah
C01370,30,Khobar
C01371,21,Abha
C01372,38,Mecca
C01373,52,Taif
C01374,31,Taif
C01375,30,Riyadh
C01376,29,Medina
C01377,58,Riyadh
C01378,67,Taif
C01379,51,Tabuk
C01380,44,Mecca
C01381,23,Khobar
C01382,28,Taif
C01383,42,Hail
C01384,26,Tabuk
C01385,52,Mecca
C01386,58,Dammam
C01387,49,Taif
C01388,27,Medina
C01389,57,Jeddah
C01390,67,Khobar
C01391,42,Riyadh
C01392,52,Taif
C01393,39,Taif
C01394,46,Khobar
C01395,51,Abha
C01396,43,Medina
C01397,19,Khobar
C01398,23,Hail
C01399,42,Taif
C01400,50,Mecca
C01401,29,Taif
C01402,26,Abha
C01403,61,Taif
C01404,30,Medina
C01405,59,Tabuk
C01406,46,Tabuk
C01407,64,Hail
C01408,19,Mecca
C01409,36,Hail
C01410,63,Dammam
C01411,40,Taif
C01412,36,Mecca
C01413,69,Riyadh
C01414,66,Mecca
C01415,68,Jeddah
C01416,22,Hail
C01417,37,Riyadh
C01418,63,Mecca
C01419,40,Khobar
C01420,24,Abha
C01421,47,Medina
C01422,21,Medina
C01423,57,Abha
C01424,63,Riyadh
C01425,69,Tabuk
C01426,18,Dammam
C01427,50,Abha
C01428,59,Jeddah
C01429,18,Hail
C01430,47,Taif
C01431,50,Medina
C01432,68,Medina
C01433,23,Jeddah
C01434,46,Jeddah
C01435,45,Tabuk
C01436,42,Tabuk
C01437,29,Tabuk
C01438,36,Riyadh
C01439,34,Abha
C01440,23,Abha
C01441,34,Taif
C01442,47,Taif
C01443,43,Mecca
C01444,31,Hail
C01445,65,Taif
C01446,65,Abha
C01447,33,Tabuk
C01448,37,Khobar
C01449,46,Medina
C01450,43,Jeddah
C01451,44,Khobar
C01452,59,Tabuk
C01453,30,Abha
C01454,33,Taif
C01455,35,Riyadh
C01456,50,Khobar
C01457,67,Tabuk
C01458,35,Khobar
C01459,61,Mecca
C01460,32,Taif
C01461,48,Tabuk
C01462,27,Mecca
C01463,54,Riyadh
C01464,46,Tabuk
C01465,21,Hail
C01466,45,Dammam
C01467,24,Jeddah
C01468,36,Jeddah
C01469,52,Jeddah
C01470,28,Dammam
C01471,28,Jeddah
C01472,47,Hail
C01473,25,Dammam
C01474,23,Abha
C01475,68,Riyadh
C01476,36,Mecca
C01477,54,Mecca
C01478,18,Hail
C01479,36,Riyadh
C01480,40,Tabuk
C01481,38,Hail
C01482,32,Medina
C01483,37,Abha
C01484,61,Khobar
C01485,22,Riyadh
C01486,61,Mecca
C01487,43,Dammam
C01488,35,Mecca
C01489,39,Medina
C01490,34,Abha
C01491,26,Abha
C01492,42,Tabuk
C01493,35,Taif
C01494,26,Medina
C01495,29,Abha
C01496,23,Tabuk
C01497,49,Hail
C01498,52,Jeddah
C01499,69,Abha
C01500,35,Taif
C01501,18,Abha
C01502,21,Medina
C01503,35,Abha
C01504,35,Tabuk
C01505,66,Khobar
C01506,29,Tabuk
C01507,64,Medina
C01508,50,Abha
C01509,65,Dammam
C01510,50,Taif
C01511,35,Abha
C01512,51,Medina
C01513,66,Abha
C01514,58,Abha
C01515,69,Hail
C01516,21,Tabuk
C01517,67,Hail
C01518,67,Dammam
C01519,30,Khobar
C01520,42,Abha
C01521,31,Medina
C01522,57,Hail
C01523,19,Riyadh
C01524,20,Tabuk
C01525,48,Mecca
C01526,66,Medina
C01527,50,Abha
C01528,28,Abha
C01529,37,Tabuk
C01530,29,Jeddah
C01531,23,Riyadh
C01532,32,Taif
C01533,30,Riyadh
C01534,39,Medina
C01535,21,Hail
C01536,43,Khobar
C01537,43,Jeddah
C01538,42,Dammam
C01539,35,Jeddah
C01540,48,Hail
C01541,53,Khobar
C01542,32,Medina
C01543,34,Medina
C01544,26,Khobar
C01545,42,Khobar
C01546,18,Taif
C01547,37,Riyadh
C01548,42,Tabuk
C01549,19,Taif
C01550,56,Taif
C01551,20,Taif
C01552,18,Tabuk
C01553,35,Khobar
C01554,19,Abha
C01555,57,Mecca
C01556,68,Taif
C01557,67,Khobar
C01558,51,Abha
C01559,25,Riyadh
C01560,46,Medina
C01561,24,Abha
C01562,53,Abha
C01563,38,Dammam
C01564,43,Mecca
C01565,31,Jeddah
C01566,49,Mecca
C01567,33,Hail
C01568,20,Medina
C01569,28,Mecca
C01570,62,Tabuk
C01571,64,Abha
C01572,34,Jeddah
C01573,25,Medina
C01574,57,Medina
C01575,19,Dammam
C01576,22,Medina
C01577,31,Dammam
C01578,23,Mecca
C01579,47,Tabuk
C01580,48,Dammam
C01581,58,Medina
C01582,49,Tabuk
C01583,59,Tabuk
C01584,49,Tabuk
C01585,35,Khobar
C01586,20,Hail
C01587,66,Abha
C01588,48,Jeddah
C01589,37,Riyadh
C01590,66,Dammam
C01591,60,Taif
C01592,49,Dammam
C01593,37,Mecca
C01594,53,Khobar
C01595,42,Taif
C01596,25,Taif
C01597,18,Khobar
C01598,29,Abha
C01599,27,Riyadh
C01600,21,Tabuk
C01601,62,Jeddah
C01602,20,Jeddah
C01603,23,Riyadh
C01604,66,Hail
C01605,35,Mecca
C01606,47,Taif
C01607,68,Tabuk
C01608,63,Riyadh
C01609,38,Dammam
C01610,42,Taif
C01611,63,Taif
C01612,68,Khobar
C01613,59,Khobar
C01614,18,Dammam
C01615,55,Khobar
C01616,43,Riyadh
C01617,56,Dammam
C01618,53,Abha
C01619,45,Khobar
C01620,51,Abha
C01621,47,Dammam
C01622,35,Medina
C01623,55,Mecca
C01624,51,Dammam
C01625,47,Jeddah
C01626,62,Medina
C01627,51,Taif
C01628,66,Taif
C01629,48,Medina
C01630,34,Khobar
C01631,33,Taif
C01632,59,Mecca
C01633,52,Tabuk
C01634,42,Jeddah
C01635,24,Khobar
C01636,23,Dammam
C01637,54,Tabuk
C01638,66,Khobar
C01639,49,Abha
C01640,29,Dammam
C01641,61,Abha
C01642,26,Tabuk
C01643,66,Taif
C01644,24,Riyadh
C01645,56,Riyadh
C01646,51,Khobar
C01647,58,Taif
C01648,43,Tabuk
C01649,50,Mecca
C01650,23,Dammam
C01651,40,Abha
C01652,26,Jeddah
C01653,21,Mecca
C01654,23,Mecca
C01655,39,Mecca
C01656,38,Riyadh
C01657,33,Abha
C01658,38,Jeddah
C01659,59,Jeddah
C01660,61,Jeddah
C01661,27,Tabuk
C01662,56,Medina
C01663,68,Taif
C01664,47,Mecca
C01665,21,Abha
C01666,66,Jeddah
C01667,38,Taif
C01668,68,Tabuk
C01669,21,Khobar
C01670,51,Dammam
C01671,54,Mecca
C01672,23,Abha
C01673,52,Abha
C01674,56,Jeddah
C01675,35,Riyadh
C01676,34,Tabuk
C01677,63,Mecca
C01678,48,Jeddah
C01679,52,Khobar
C01680,63,Dammam
C01681,63,Dammam
C01682,54,Hail
C01683,61,Jeddah
C01684,32,Hail
C01685,52,Dammam
C01686,66,Hail
C01687,59,Khobar
C01688,18,Riyadh
C01689,24,Jeddah
C01690,31,Tabuk
C01691,46,Mecca
C01692,46,Taif
C01693,47,Medina
C01694,60,Jeddah
C01695,32,Jeddah
C01696,33,Jeddah
C01697,67,Khobar
C01698,26,Taif
C01699,29,Tabuk
C01700,33,Riyadh
C01701,19,Khobar
C01702,61,Abha
C01703,65,Medina
C01704,58,Jeddah
C01705,59,Jeddah
C01706,28,Medina
C01707,35,Jeddah
C01708,57,Tabuk
C01709,30,Medina
C01710,20,Taif
C01711,41,Taif
C01712,54,Khobar
C01713,36,Dammam
C01714,53,Medina
C01715,54,Taif
C01716,57,Dammam
C01717,51,Mecca
C01718,35,Hail
C01719,34,Tabuk
C01720,44,Jeddah
C01721,45,Taif
C01722,30,Khobar
C01723,61,Dammam
C01724,23,Taif
C01725,25,Hail
C01726,50,Riyadh
C01727,69,Khobar
C01728,59,Jeddah
C01729,69,Khobar
C01730,21,Khobar
C01731,40,Jeddah
C01732,48,Hail
C01733,35,Medina
C01734,18,Abha
C01735,52,Riyadh
C01736,51,Taif
C01737,35,Taif
C01738,19,Hail
C01739,43,Hail
C01740,62,Hail
C01741,65,Taif
C01742,62,Riyadh
C01743,46,Medina
C01744,53,Hail
C01745,23,Abha
C01746,53,Medina
C01747,32,Khobar
C01748,55,Abha
C01749,45,Riyadh
C01750,29,Medina
C01751,60,Abha
C01752,65,Tabuk
C01753,49,Taif
C01754,46,Jeddah
C01755,38,Taif
C01756,43,Jeddah
C01757,29,Tabuk
C01758,47,Jeddah
C01759,52,Jeddah
C01760,57,Mecca
C01761,59,Jeddah
C01762,39,Abha
C01763,24,Tabuk
C01764,39,Tabuk
C01765,29,Abha
C01766,60,Riyadh
C01767,51,Tabuk
C01768,19,Dammam
C01769,28,Riyadh
C01770,34,Medina
C01771,69,Taif
C01772,36,Dammam
C01773,34,Abha
C01774,50,Riyadh
C01775,53,Mecca
C01776,26,Tabuk
C01777,60,Taif
C01778,47,Khobar
C01779,67,Riyadh
C01780,34,Jeddah
C01781,18,Hail
C01782,21,Dammam
C01783,31,Abha
C01784,18,Tabuk
C01785,28,Hail
C01786,31,Medina
C01787,66,Khobar
C01788,56,Khobar
C01789,53,Medina
C01790,23,Riyadh
C01791,67,Riyadh
C01792,50,Jeddah
C01793,44,Khobar
C01794,26,Hail
C01795,35,Medina
C01796,27,Tabuk
C01797,64,Riyadh
C01798,20,Hail
C01799,68,Tabuk
C01800,29,Abha
C01801,24,Dammam
C01802,63,Khobar
C01803,36,Khobar
C01804,25,Medina
C01805,51,Riyadh
C01806,60,Khobar
C01807,63,Tabuk
C01808,45,Mecca
C01809,37,Abha
C01810,39,Abha
C01811,43,Dammam
C01812,55,Taif
C01813,64,Medina
C01814,20,Taif
C01815,28,Riyadh
C01816,61,Taif
C01817,19,Dammam
C01818,52,Mecca
C01819,33,Riyadh
C01820,58,Abha
C01821,60,Abha
C01822,50,Riyadh
C01823,30,Jeddah
C01824,59,Mecca
C01825,45,Mecca
C01826,61,Abha
C01827,38,Taif
C01828,57,Mecca
C01829,24,Tabuk
C01830,49,Khobar
C01831,37,Abha
C01832,50,Taif
C01833,21,Taif
C01834,45,Taif
C01835,65,Taif
C01836,54,Tabuk
C01837,35,Jeddah
C01838,52,Dammam
C01839,20,Jeddah
C01840,48,Abha
C01841,59,Mecca
C01842,69,Jeddah
C01843,49,Hail
C01844,66,Abha
C01845,37,Riyadh
C01846,45,Tabuk
C01847,46,Taif
C01848,60,Hail
C01849,54,Abha
C01850,67,Tabuk
C01851,42,Tabuk
C01852,38,Mecca
C01853,19,Medina
C01854,57,Riyadh
C01855,55,Medina
C01856,41,Riyadh
C01857,69,Tabuk
C01858,23,Jeddah
C01859,65,Abha
C01860,34,Riyadh
C01861,69,Mecca
C01862,57,Jeddah
C01863,50,Taif
C01864,28,Khobar
C01865,47,Taif
C01866,34,Dammam
C01867,33,Mecca
C01868,39,Dammam
C01869,18,Riyadh
C01870,50,Taif
C01871,53,Taif
C01872,67,Tabuk
C01873,27,Dammam
C01874,20,Riyadh
C01875,34,Riyadh
C01876,38,Hail
C01877,32,Abha
C01878,19,Riyadh
C01879,19,Tabuk
C01880,66,Khobar
C01881,43,Taif
C01882,49,Dammam
C01883,27,Jeddah
C01884,45,Abha
C01885,35,Mecca
C01886,21,Tabuk
C01887,42,Riyadh
C01888,64,Khobar
C01889,28,Medina
C01890,53,Dammam
C01891,52,Riyadh
C01892,60,Tabuk
C01893,34,Jeddah
C01894,21,Tabuk
C01895,39,Tabuk
C01896,42,Jeddah
C01897,38,Hail
C01898,67,Tabuk
C01899,28,Medina
C01900,30,Riyadh
C01901,33,Tabuk
C01902,34,Taif
C01903,64,Jeddah
C01904,62,Dammam
C01905,49,Tabuk
C01906,65,Medina
C01907,45,Taif
C01908,68,Hail
C01909,64,Abha
C01910,68,Taif
C01911,37,Hail
C01912,64,Abha
C01913,27,Medina
C01914,51,Tabuk
C01915,68,Khobar
C01916,47,Khobar
C01917,41,Mecca
C01918,28,Riyadh
C01919,61,Jeddah
C01920,56,Hail
C01921,44,Taif
C01922,27,Taif
C01923,59,Tabuk
C01924,56,Khobar
C01925,51,Medina
C01926,38,Hail
C01927,43,Taif
C01928,25,Abha
C01929,57,Riyadh
C01930,21,Jeddah
C01931,34,Taif
C01932,60,Abha
C01933,66,Riyadh
C01934,60,Jeddah
C01935,33,Riyadh
C01936,25,Khobar
C01937,40,Khobar
C01938,47,Jeddah
C01939,24,Taif
C01940,40,Abha
C01941,65,Taif
C01942,32,Dammam
C01943,41,Dammam
C01944,53,Tabuk
C01945,62,Abha
C01946,38,Taif
C01947,57,Tabuk
C01948,35,Taif
C01949,54,Abha
C01950,47,Abha
C01951,25,Taif
C01952,24,Mecca
C01953,65,Taif
C01954,19,Khobar
C01955,58,Khobar
C01956,21,Riyadh
C01957,59,Dammam
C01958,50,Hail
C01959,69,Abha
C01960,46,Mecca
C01961,62,Medina
C01962,20,Medina
C01963,51,Mecca
C01964,48,Mecca
C01965,55,Medina
C01966,51,Dammam
C01967,54,Jeddah
C01968,51,Jeddah
C01969,51,Mecca
C01970,57,Tabuk
C01971,69,Mecca
C01972,66,Tabuk
C01973,60,Medina
C01974,57,Jeddah
C01975,63,Dammam
C01976,40,Khobar
C01977,40,Dammam
C01978,29,Riyadh
C01979,34,Jeddah
C01980,53,Hail
C01981,31,Dammam
C01982,30,Jeddah
C01983,52,Khobar
C01984,60,Tabuk
C01985,33,Mecca
C01986,30,Mecca
C01987,24,Medina
C01988,28,Tabuk
C01989,30,Abha
C01990,43,Mecca
C01991,34,Dammam
C01992,21,Dammam
C01993,40,Dammam
C01994,59,Mecca
C01995,25,Tabuk
C01996,55,Abha
C01997,59,Khobar
C01998,26,Medina
C01999,37,Taif
C02000,61,Khobar
C02001,64,Dammam
C02002,68,Mecca
C02003,23,Taif
C02004,50,Abha
C02005,43,Jeddah
C02006,29,Medina
C02007,56,Dammam
C02008,34,Medina
C02009,19,Hail
C02010,59,Khobar
C02011,52,Riyadh
C02012,30,Riyadh
C02013,57,Jeddah
C02014,32,Abha
C02015,18,Medina
C02016,63,Tabuk
C02017,47,Medina
C02018,29,Hail
C02019,44,Medina
C02020,24,Mecca
C02021,46,Mecca
C02022,49,Mecca
C02023,30,Khobar
C02024,55,Dammam
C02025,48,Mecca
C02026,35,Medina
C02027,24,Taif
C02028,64,Khobar
C02029,22,Dammam
C02030,38,Mecca
C02031,31,Hail
C02032,34,Abha
C02033,46,Tabuk
C02034,30,Hail
C02035,68,Abha
C02036,46,Abha
C02037,48,Abha
C02038,53,Abha
C02039,67,Taif
C02040,55,Tabuk
C02041,67,Medina
C02042,31,Tabuk
C02043,65,Medina
C02044,36,Taif
C02045,44,Khobar
C02046,38,Dammam
C02047,35,Jeddah
C02048,46,Abha
C02049,68,Jeddah
C02050,32,Hail
C02051,38,Riyadh
C02052,63,Khobar
C02053,40,Medina
C02054,33,Riyadh
C02055,34,Abha
C02056,40,Medina
C02057,62,Taif
C02058,35,Tabuk
C02059,22,Jeddah
C02060,30,Abha
C02061,30,Mecca
C02062,23,Dammam
C02063,51,Jeddah
C02064,68,Jeddah
C02065,21,Riyadh
C02066,51,Mecca
C02067,61,Medina
C02068,59,Taif
C02069,41,Taif
C02070,68,Abha
C02071,67,Medina
C02072,38,Tabuk
C02073,32,Riyadh
C02074,24,Abha
C02075,49,Dammam
C02076,27,Mecca
C02077,61,Tabuk
C02078,19,Hail
C02079,45,Dammam
C02080,69,Dammam
C02081,41,Tabuk
C02082,69,Mecca
C02083,57,Abha
C02084,22,Tabuk
C02085,26,Hail
C02086,50,Tabuk
C02087,35,Abha
C02088,25,Dammam
C02089,66,Tabuk
C02090,34,Riyadh
C02091,21,Medina
C02092,56,Mecca
C02093,27,Tabuk
C02094,40,Hail
C02095,46,Medina
C02096,51,Dammam
C02097,43,Khobar
C02098,63,Taif
C02099,38,Jeddah
C02100,42,Mecca
C02101,35,Khobar
C02102,45,Dammam
C02103,52,Khobar
C02104,57,Khobar
C02105,22,Abha
C02106,31,Abha
C02107,41,Taif
C02108,56,Medina
C02109,39,Khobar
C02110,47,Medina
C02111,19,Taif
C02112,18,Riyadh
C02113,43,Hail
C02114,59,Taif
C02115,28,Dammam
C02116,67,Khobar
C02117,50,Abha
C02118,18,Taif
C02119,65,Jeddah
C02120,58,Medina
C02121,45,Tabuk
C02122,57,Tabuk
C02123,67,Abha
C02124,64,Dammam
C02125,38,Jeddah
C02126,54,Dammam
C02127,31,Medina
C02128,48,Hail
C02129,51,Riyadh
C02130,58,Khobar
C02131,33,Jeddah
C02132,62,Jeddah
C02133,53,Jeddah
C02134,59,Mecca
C02135,65,Hail
C02136,47,Tabuk
C02137,47,Medina
C02138,58,Tabuk
C02139,56,Dammam
C02140,42,Khobar
C02141,50,Taif
C02142,53,Hail
C02143,54,Taif
C02144,46,Hail
C02145,20,Khobar
C02146,47,Hail
C02147,56,Hail
C02148,34,Taif
C02149,57,Riyadh
C02150,40,Dammam
C02151,29,Hail
C02152,59,Jeddah
C02153,28,Khobar
C02154,47,Khobar
C02155,44,Taif
C02156,43,Mecca
C02157,60,Abha
C02158,35,Jeddah
C02159,58,Khobar
C02160,20,Abha
C02161,21,Abha
C02162,55,Taif
C02163,27,Medina
C02164,60,Taif
C02165,37,Abha
C02166,60,Dammam
C02167,65,Jeddah
C02168,35,Riyadh
C02169,43,Taif
C02170,65,Jeddah
C02171,64,Abha
C02172,56,Khobar
C02173,30,Dammam
C02174,30,Taif
C02175,43,Taif
C02176,37,Medina
C02177,56,Abha
C02178,64,Hail
C02179,33,Khobar
C02180,34,Jeddah
C02181,44,Riyadh
C02182,56,Riyadh
C02183,41,Tabuk
C02184,32,Riyadh
C02185,62,Hail
C02186,38,Abha
C02187,58,Riyadh
C02188,46,Jeddah
C02189,45,Tabuk
C02190,51,Abha
C02191,38,Khobar
C02192,20,Khobar
C02193,63,Hail
C02194,68,Hail
C02195,19,Taif
C02196,60,Dammam
C02197,27,Hail
C02198,65,Mecca
C02199,24,Abha
C02200,47,Abha
C02201,54,Dammam
C02202,47,Khobar
C02203,25,Medina
C02204,42,Hail
C02205,47,Riyadh
C02206,25,Tabuk
C02207,32,Tabuk
C02208,69,Tabuk
C02209,50,Khobar
C02210,22,Tabuk
C02211,20,Tabuk
C02212,41,Abha
C02213,36,Mecca
C02214,42,Taif
C02215,22,Hail
C02216,21,Abha
C02217,66,Mecca
C02218,59,Jeddah
C02219,67,Abha
C02220,47,Khobar
C02221,54,Hail
C02222,47,Taif
C02223,63,Dammam
C02224,67,Tabuk
C02225,47,Taif
C02226,67,Taif
C02227,21,Medina
C02228,37,Mecca
C02229,33,Riyadh
C02230,28,Abha
C02231,49,Hail
C02232,31,Taif
C02233,66,Jeddah
C02234,33,Abha
C02235,36,Tabuk
C02236,67,Khobar
C02237,49,Dammam
C02238,28,Abha
C02239,33,Dammam
C02240,61,Dammam
C02241,23,Taif
C02242,23,Medina
C02243,21,Taif
C02244,22,Tabuk
C02245,43,Taif
C02246,59,Riyadh
C02247,23,Hail
C02248,27,Medina
C02249,65,Khobar
C02250,69,Medina
C02251,67,Jeddah
C02252,58,Tabuk
C02253,62,Hail
C02254,44,Dammam
C02255,64,Tabuk
C02256,54,Abha
C02257,51,Taif
C02258,63,Tabuk
C02259,19,Mecca
C02260,38,Riyadh
C02261,30,Medina
C02262,67,Medina
C02263,30,Mecca
C02264,65,Jeddah
C02265,25,Taif
C02266,37,Riyadh
C02267,63,Jeddah
C02268,58,Khobar
C02269,39,Hail
C02270,46,Tabuk
C02271,19,Riyadh
C02272,43,Riyadh
C02273,56,Medina
C02274,59,Khobar
C02275,24,Tabuk
C02276,50,Khobar
C02277,62,Jeddah
C02278,39,Taif
C02279,64,Dammam
C02280,26,Jeddah
C02281,44,Jeddah
C02282,50,Hail
C02283,69,Dammam
C02284,55,Tabuk
C02285,31,Tabuk
C02286,62,Khobar
C02287,48,Medina
C02288,51,Medina
C02289,24,Taif
C02290,40,Taif
C02291,26,Medina
C02292,42,Abha
C02293,38,Abha
C02294,62,Abha
C02295,65,Mecca
C02296,30,Riyadh
C02297,46,Mecca
C02298,64,Riyadh
C02299,36,Abha
C02300,53,Dammam
C02301,45,Medina
C02302,18,Dammam
C02303,31,Dammam
C02304,19,Riyadh
C02305,21,Tabuk
C02306,34,Tabuk
C02307,43,Hail
C02308,42,Mecca
C02309,50,Dammam
C02310,21,Medina
C02311,59,Abha
C02312,35,Mecca
C02313,35,Hail
C02314,56,Taif
C02315,22,Jeddah
C02316,66,Dammam
C02317,61,Khobar
C02318,40,Abha
C02319,34,Abha
C02320,64,Jeddah
C02321,49,Medina
C02322,62,Khobar
C02323,21,Riyadh
C02324,31,Hail
C02325,23,Khobar
C02326,32,Riyadh
C02327,47,Khobar
C02328,51,Jeddah
C02329,40,Hail
C02330,45,Hail
C02331,43,Medina
C02332,52,Hail
C02333,66,Mecca
C02334,54,Riyadh
C02335,38,Mecca
C02336,33,Medina
C02337,57,Medina
C02338,41,Dammam
C02339,65,Hail
C02340,47,Mecca
C02341,33,Tabuk
C02342,56,Riyadh
C02343,67,Jeddah
C02344,22,Mecca
C02345,58,Mecca
C02346,48,Khobar
C02347,48,Jeddah
C02348,25,Mecca
C02349,28,Jeddah
C02350,23,Medina
C02351,50,Khobar
C02352,60,Jeddah
C02353,55,Jeddah
C02354,52,Khobar
C02355,30,Abha
C02356,23,Khobar
C02357,39,Abha
C02358,21,Mecca
C02359,33,Taif
C02360,51,Medina
C02361,29,Mecca
C02362,34,Mecca
C02363,21,Riyadh
C02364,29,Riyadh
C02365,33,Riyadh
C02366,47,Jeddah
C02367,58,Hail
C02368,38,Medina
C02369,29,Riyadh
C02370,24,Taif
C02371,69,Mecca
C02372,45,Abha
C02373,41,Jeddah
C02374,38,Mecca
C02375,52,Hail
C02376,46,Riyadh
C02377,24,Medina
C02378,43,Riyadh
C02379,46,Abha
C02380,59,Khobar
C02381,67,Mecca
C02382,18,Jeddah
C02383,38,Khobar
C02384,59,Tabuk
C02385,40,Tabuk
C02386,42,Tabuk
C02387,51,Taif
C02388,48,Mecca
C02389,39,Taif
C02390,29,Dammam
C02391,47,Tabuk
C02392,55,Taif
C02393,60,Medina
C02394,56,Tabuk
C02395,48,Khobar
C02396,69,Medina
C02397,30,Riyadh
C02398,38,Mecca
C02399,35,Dammam
C02400,62,Medina
C02401,47,Abha
C02402,57,Mecca
C02403,36,Tabuk
C02404,57,Hail
C02405,33,Dammam
C02406,25,Khobar
C02407,33,Dammam
C02408,49,Dammam
C02409,47,Hail
C02410,28,Medina
C02411,53,Mecca
C02412,56,Dammam
C02413,36,Hail
C02414,37,Medina
C02415,66,Dammam
C02416,51,Riyadh
C02417,59,Jeddah
C02418,37,Taif
C02419,62,Abha
C02420,56,Dammam
C02421,34,Mecca
C02422,49,Hail
C02423,53,Dammam
C02424,19,Tabuk
C02425,69,Medina
C02426,40,Jeddah
C02427,18,Hail
C02428,21,Jeddah
C02429,22,Hail
C02430,42,Dammam
C02431,26,Khobar
C02432,62,Tabuk
C02433,48,Tabuk
C02434,20,Jeddah
C02435,54,Tabuk
C02436,59,Tabuk
C02437,33,Taif
C02438,69,Abha
C02439,42,Riyadh
C02440,36,Khobar
C02441,41,Abha
C02442,24,Dammam
C02443,39,Tabuk
C02444,45,Dammam
C02445,47,Taif
C02446,25,Medina
C02447,36,Riyadh
C02448,58,Dammam
C02449,57,Medina
C02450,61,Dammam
C02451,63,Mecca
C02452,22,Hail
C02453,25,Abha
C02454,67,Tabuk
C02455,56,Riyadh
C02456,32,Tabuk
C02457,55,Jeddah
C02458,34,Medina
C02459,62,Mecca
C02460,55,Dammam
C02461,50,Jeddah
C02462,61,Abha
C02463,59,Riyadh
C02464,32,Taif
C02465,57,Riyadh
C02466,68,Tabuk
C02467,65,Riyadh
C02468,18,Tabuk
C02469,36,Jeddah
C02470,23,Abha
C02471,67,Taif
C02472,65,Medina
C02473,62,Jeddah
C02474,61,Dammam
C02475,62,Dammam
C02476,44,Tabuk
C02477,39,Abha
C02478,30,Riyadh
C02479,65,Hail
C02480,44,Abha
C02481,36,Abha
C02482,59,Abha
C02483,39,Taif
C02484,45,Abha
C02485,40,Jeddah
C02486,22,Jeddah
C02487,69,Tabuk
C02488,20,Mecca
C02489,38,Hail
C02490,52,Hail
C02491,18,Dammam
C02492,59,Khobar
C02493,49,Jeddah
C02494,64,Taif
C02495,30,Riyadh
C02496,44,Tabuk
C02497,38,Tabuk
C02498,47,Mecca
C02499,64,Hail
C02500,53,Abha
C02501,40,Jeddah
C02502,67,Dammam
C02503,46,Mecca
C02504,31,Khobar
C02505,64,Hail
C02506,31,Hail
C02507,53,Medina
C02508,35,Hail
C02509,31,Khobar
C02510,42,Riyadh
C02511,62,Tabuk
C02512,47,Jeddah
C02513,37,Abha
C02514,35,Medina
C02515,39,Hail
C02516,54,Dammam
C02517,18,Medina
C02518,64,Khobar
C02519,69,Abha
C02520,57,Taif
C02521,36,Khobar
C02522,27,Tabuk
C02523,43,Tabuk
C02524,18,Mecca
C02525,26,Hail
C02526,60,Hail
C02527,59,Taif
C02528,66,Jeddah
C02529,23,Abha
C02530,64,Mecca
C02531,47,Medina
C02532,38,Hail
C02533,19,Tabuk
C02534,27,Riyadh
C02535,45,Jeddah
C02536,48,Mecca
C02537,59,Abha
C02538,55,Tabuk
C02539,52,Abha
C02540,19,Medina
C02541,50,Abha
C02542,55,Riyadh
C02543,38,Riyadh
C02544,49,Taif
C02545,26,Medina
C02546,35,Riyadh
C02547,36,Tabuk
C02548,28,Abha
C02549,47,Abha
C02550,24,Tabuk
C02551,54,Riyadh
C02552,49,Riyadh
C02553,51,Jeddah
C02554,44,Tabuk
C02555,26,Mecca
C02556,44,Mecca
C02557,26,Mecca
C02558,43,Taif
C02559,50,Jeddah
C02560,18,Riyadh
C02561,34,Dammam
C02562,24,Khobar
C02563,29,Abha
C02564,31,Medina
C02565,65,Tabuk
C02566,63,Medina
C02567,44,Mecca
C02568,56,Khobar
C02569,62,Mecca
C02570,33,Abha
C02571,54,Medina
C02572,60,Jeddah
C02573,64,Jeddah
C02574,48,Khobar
C02575,55,Taif
C02576,41,Abha
C02577,41,Tabuk
C02578,24,Hail
C02579,25,Abha
C02580,57,Mecca
C02581,54,Jeddah
C02582,46,Riyadh
C02583,56,Jeddah
C02584,29,Taif
C02585,19,Riyadh
C02586,19,Riyadh
C02587,64,Dammam
C02588,21,Jeddah
C02589,33,Taif
C02590,25,Riyadh
C02591,61,Dammam
C02592,54,Mecca
C02593,39,Mecca
C02594,64,Abha
C02595,29,Abha
C02596,31,Riyadh
C02597,46,Tabuk
C02598,32,Abha
C02599,60,Mecca
C02600,41,Tabuk
C02601,60,Riyadh
C02602,31,Mecca
C02603,36,Khobar
C02604,67,Hail
C02605,66,Dammam
C02606,51,Taif
C02607,59,Riyadh
C02608,55,Jeddah
C02609,26,Hail
C02610,21,Tabuk
C02611,44,Taif
C02612,22,Hail
C02613,20,Medina
C02614,52,Dammam
C02615,52,Abha
C02616,35,Khobar
C02617,25,Abha
C02618,22,Hail
C02619,25,Taif
C02620,46,Hail
C02621,39,Khobar
C02622,41,Khobar
C02623,21,Tabuk
C02624,49,Dammam
C02625,68,Riyadh
C02626,59,Tabuk
C02627,48,Abha
C02628,58,Taif
C02629,63,Taif
C02630,46,Hail
C02631,23,Medina
C02632,39,Khobar
C02633,40,Dammam
C02634,45,Khobar
C02635,33,Tabuk
C02636,53,Tabuk
C02637,53,Khobar
C02638,69,Mecca
C02639,38,Taif
C02640,39,Mecca
C02641,69,Khobar
C02642,59,Taif
C02643,39,Riyadh
C02644,21,Jeddah
C02645,24,Jeddah
C02646,42,Abha
C02647,28,Riyadh
C02648,57,Abha
C02649,58,Tabuk
C02650,39,Hail
C02651,30,Hail
C02652,20,Taif
C02653,50,Mecca
C02654,65,Taif
C02655,30,Medina
C02656,31,Riyadh
C02657,37,Dammam
C02658,61,Medina
C02659,69,Taif
C02660,66,Khobar
C02661,55,Riyadh
C02662,28,Abha
C02663,60,Dammam
C02664,58,Abha
C02665,63,Mecca
C02666,45,Khobar
C02667,47,Abha
C02668,26,Abha
C02669,46,Jeddah
C02670,21,Abha
C02671,67,Jeddah
C02672,66,Khobar
C02673,66,Tabuk
C02674,42,Jeddah
C02675,55,Riyadh
C02676,48,Tabuk
C02677,42,Khobar
C02678,60,Dammam
C02679,56,Abha
C02680,68,Mecca
C02681,57,Medina
C02682,44,Hail
C02683,45,Mecca
C02684,48,Hail
C02685,30,Mecca
C02686,63,Hail
C02687,20,Dammam
C02688,31,Hail
C02689,46,Medina
C02690,27,Tabuk
C02691,66,Khobar
C02692,49,Tabuk
C02693,39,Abha
C02694,64,Hail
C02695,43,Hail
C02696,63,Mecca
C02697,69,Taif
C02698,52,Jeddah
C02699,64,Abha
C02700,26,Riyadh
C02701,37,Khobar
C02702,28,Dammam
C02703,60,Abha
C02704,63,Hail
C02705,65,Khobar
C02706,20,Dammam
C02707,56,Tabuk
C02708,51,Tabuk
C02709,37,Abha
C02710,58,Tabuk
C02711,37,Jeddah
C02712,33,Medina
C02713,37,Medina
C02714,47,Mecca
C02715,54,Medina
C02716,48,Riyadh
C02717,37,Taif
C02718,53,Jeddah
C02719,49,Taif
C02720,51,Hail
C02721,57,Khobar
C02722,34,Jeddah
C02723,38,Riyadh
C02724,46,Medina
C02725,53,Medina
C02726,50,Jeddah
C02727,56,Medina
C02728,23,Mecca
C02729,35,Khobar
C02730,23,Khobar
C02731,55,Abha
C02732,22,Medina
C02733,60,Dammam
C02734,44,Dammam
C02735,44,Tabuk
C02736,57,Khobar
C02737,44,Dammam
C02738,59,Medina
C02739,22,Riyadh
C02740,47,Riyadh
C02741,24,Hail
C02742,43,Tabuk
C02743,55,Mecca
C02744,31,Tabuk
C02745,45,Taif
C02746,22,Jeddah
C02747,31,Abha
C02748,22,Abha
C02749,48,Riyadh
C02750,36,Medina
C02751,52,Dammam
C02752,34,Khobar
C02753,68,Riyadh
C02754,49,Hail
C02755,69,Hail
C02756,33,Hail
C02757,37,Dammam
C02758,52,Medina
C02759,60,Taif
C02760,30,Hail
C02761,23,Riyadh
C02762,43,Abha
C02763,51,Tabuk
C02764,49,Mecca
C02765,47,Hail
C02766,35,Tabuk
C02767,45,Medina
C02768,66,Tabuk
C02769,64,Medina
C02770,61,Mecca
C02771,39,Medina
C02772,47,Khobar
C02773,29,Medina
C02774,22,Medina
C02775,51,Khobar
C02776,22,Tabuk
C02777,45,Dammam
C02778,41,Abha
C02779,23,Taif
C02780,57,Taif
C02781,18,Jeddah
C02782,62,Dammam
C02783,32,Jeddah
C02784,60,Hail
C02785,32,Jeddah
C02786,57,Taif
C02787,27,Tabuk
C02788,47,Dammam
C02789,21,Khobar
C02790,26,Jeddah
C02791,39,Taif
C02792,44,Jeddah
C02793,39,Riyadh
C02794,40,Tabuk
C02795,59,Riyadh
C02796,62,Khobar
C02797,40,Medina
C02798,28,Hail
C02799,41,Tabuk
C02800,49,Riyadh
C02801,55,Dammam
C02802,69,Tabuk
C02803,29,Riyadh
C02804,19,Abha
C02805,32,Dammam
C02806,23,Mecca
C02807,44,Jeddah
C02808,27,Medina
C02809,33,Hail
C02810,39,Abha
C02811,57,Khobar
C02812,20,Jeddah
C02813,21,Taif
C02814,64,Dammam
C02815,44,Dammam
C02816,43,Khobar
C02817,67,Jeddah
C02818,46,Hail
C02819,18,Hail
C02820,41,Tabuk
C02821,22,Khobar
C02822,50,Taif
C02823,47,Tabuk
C02824,41,Taif
C02825,24,Abha
C02826,56,Mecca
C02827,28,Tabuk
C02828,28,Jeddah
C02829,36,Khobar
C02830,44,Tabuk
C02831,26,Dammam
C02832,26,Riyadh
C02833,58,Tabuk
C02834,39,Medina
C02835,28,Tabuk
C02836,23,Mecca
C02837,22,Abha
C02838,59,Khobar
C02839,54,Taif
C02840,29,Abha
C02841,37,Tabuk
C02842,51,Khobar
C02843,33,Tabuk
C02844,43,Medina
C02845,19,Abha
C02846,65,Hail
C02847,19,Abha
C02848,56,Abha
C02849,30,Dammam
C02850,24,Taif
C02851,68,Tabuk
C02852,50,Riyadh
C02853,64,Abha
C02854,25,Medina
C02855,66,Tabuk
C02856,64,Tabuk
C02857,32,Medina
C02858,69,Khobar
C02859,34,Jeddah
C02860,33,Riyadh
C02861,57,Taif
C02862,24,Taif
C02863,19,Abha
C02864,36,Mecca
C02865,55,Taif
C02866,32,Mecca
C02867,33,Tabuk
C02868,33,Hail
C02869,56,Tabuk
C02870,40,Riyadh
C02871,67,Tabuk
C02872,43,Riyadh
C02873,56,Hail
C02874,23,Riyadh
C02875,51,Dammam
C02876,20,Mecca
C02877,22,Riyadh
C02878,51,Dammam
C02879,35,Taif
C02880,60,Mecca
C02881,44,Khobar
C02882,45,Taif
C02883,50,Riyadh
C02884,42,Mecca
C02885,29,Dammam
C02886,67,Tabuk
C02887,21,Mecca
C02888,41,Taif
C02889,65,Khobar
C02890,18,Medina
C02891,68,Taif
C02892,55,Jeddah
C02893,32,Medina
C02894,35,Dammam
C02895,41,Medina
C02896,41,Khobar
C02897,69,Jeddah
C02898,41,Jeddah
C02899,55,Dammam
C02900,40,Khobar
C02901,29,Taif
C02902,48,Khobar
C02903,60,Tabuk
C02904,24,Taif
C02905,46,Hail
C02906,65,Medina
C02907,41,Riyadh
C02908,22,Tabuk
C02909,47,Medina
C02910,59,Abha
C02911,48,Khobar
C02912,44,Dammam
C02913,69,Mecca
C02914,66,Khobar
C02915,34,Jeddah
C02916,35,Tabuk
C02917,18,Dammam
C02918,59,Medina
C02919,58,Jeddah
C02920,40,Khobar
C02921,52,Mecca
C02922,24,Dammam
C02923,39,Jeddah
C02924,33,Taif
C02925,65,Jeddah
C02926,42,Taif
C02927,39,Mecca
C02928,50,Medina
C02929,54,Dammam
C02930,41,Mecca
C02931,63,Khobar
C02932,66,Khobar
C02933,51,Dammam
C02934,51,Riyadh
C02935,28,Taif
C02936,22,Mecca
C02937,52,Mecca
C02938,53,Jeddah
C02939,20,Khobar
C02940,35,Khobar
C02941,64,Taif
C02942,18,Hail
C02943,28,Riyadh
C02944,35,Dammam
C02945,34,Tabuk
C02946,27,Dammam
C02947,60,Medina
C02948,19,Khobar
C02949,50,Mecca
C02950,40,Abha
C02951,54,Riyadh
C02952,38,Khobar
C02953,44,Tabuk
C02954,65,Khobar
C02955,48,Mecca
C02956,55,Dammam
C02957,69,Jeddah
C02958,58,Medina
C02959,18,Tabuk
C02960,60,Jeddah
C02961,69,Khobar
C02962,56,Taif
C02963,60,Dammam
C02964,60,Mecca
C02965,43,Khobar
C02966,42,Mecca
C02967,22,Medina
C02968,49,Dammam
C02969,18,Taif
C02970,18,Dammam
C02971,39,Dammam
C02972,51,Medina
C02973,42,Jeddah
C02974,42,Abha
C02975,59,Medina
C02976,55,Tabuk
C02977,66,Taif
C02978,57,Riyadh
C02979,43,Hail
C02980,27,Abha
C02981,57,Tabuk
C02982,54,Riyadh
C02983,56,Jeddah
C02984,23,Hail
C02985,43,Tabuk
C02986,40,Jeddah
C02987,51,Taif
C02988,59,Dammam
C02989,69,Riyadh
C02990,29,Hail
C02991,69,Medina
C02992,36,Tabuk
C02993,36,Dammam
C02994,63,Abha
C02995,38,Abha
C02996,31,Dammam
C02997,33,Medina
C02998,66,Jeddah
C02999,33,Tabuk
C03000,37,Taif
C03001,39,Jeddah
C03002,64,Hail
C03003,36,Dammam
C03004,46,Hail
C03005,61,Jeddah
C03006,24,Medina
C03007,50,Medina
C03008,40,Jeddah
C03009,64,Mecca
C03010,60,Taif
C03011,32,Hail
C03012,39,Riyadh
C03013,59,Hail
C03014,25,Mecca
C03015,59,Taif
C03016,49,Dammam
C03017,56,Riyadh
C03018,33,Riyadh
C03019,38,Riyadh
C03020,43,Khobar
C03021,56,Riyadh
C03022,21,Medina
C03023,58,Jeddah
C03024,65,Abha
C03025,29,Dammam
C03026,27,Mecca
C03027,37,Hail
C03028,18,Abha
C03029,59,Abha
C03030,31,Jeddah
C03031,38,Taif
C03032,34,Riyadh
C03033,34,Mecca
C03034,19,Khobar
C03035,22,Abha
C03036,48,Dammam
C03037,40,Tabuk
C03038,42,Riyadh
C03039,31,Khobar
C03040,53,Dammam
C03041,20,Jeddah
C03042,23,Hail
C03043,53,Jeddah
C03044,59,Taif
C03045,68,Abha
C03046,64,Tabuk
C03047,49,Hail
C03048,58,Abha
C03049,56,Mecca
C03050,67,Khobar
C03051,20,Abha
C03052,20,Hail
C03053,69,Khobar
C03054,21,Khobar
C03055,61,Mecca
C03056,30,Tabuk
C03057,34,Khobar
C03058,18,Medina
C03059,64,Riyadh
C03060,56,Mecca
C03061,49,Jeddah
C03062,27,Hail
C03063,42,Mecca
C03064,42,Dammam
C03065,50,Tabuk
C03066,35,Mecca
C03067,50,Medina
C03068,67,Dammam
C03069,32,Riyadh
C03070,25,Khobar
C03071,44,Tabuk
C03072,21,Hail
C03073,54,Hail
C03074,29,Abha
C03075,47,Khobar
C03076,66,Mecca
C03077,49,Hail
C03078,53,Hail
C03079,21,Hail
C03080,65,Medina
C03081,54,Mecca
C03082,57,Jeddah
C03083,65,Tabuk
C03084,53,Khobar
C03085,34,Hail
C03086,22,Riyadh
C03087,43,Taif
C03088,55,Taif
C03089,62,Medina
C03090,23,Mecca
C03091,31,Abha
C03092,61,Hail
C03093,65,Taif
C03094,63,Abha
C03095,28,Tabuk
C03096,24,Abha
C03097,30,Jeddah
C03098,27,Riyadh
C03099,19,Tabuk
C03100,20,Riyadh
C03101,64,Riyadh
C03102,62,Taif
C03103,20,Jeddah
C03104,69,Khobar
C03105,29,Dammam
C03106,35,Tabuk
C03107,46,Dammam
C03108,68,Mecca
C03109,60,Medina
C03110,34,Taif
C03111,62,Abha
C03112,59,Abha
C03113,69,Dammam
C03114,51,Taif
C03115,32,Khobar
C03116,28,Taif
C03117,36,Khobar
C03118,22,Mecca
C03119,25,Medina
C03120,19,Jeddah
C03121,20,Jeddah
C03122,58,Riyadh
C03123,68,Medina
C03124,36,Abha
C03125,21,Taif
C03126,63,Dammam
C03127,64,Medina
C03128,37,Riyadh
C03129,69,Mecca
C03130,22,Abha
C03131,26,Riyadh
C03132,36,Taif
C03133,48,Jeddah
C03134,42,Riyadh
C03135,62,Dammam
C03136,54,Taif
C03137,41,Dammam
C03138,29,Hail
C03139,52,Tabuk
C03140,50,Abha
C03141,48,Tabuk
C03142,33,Dammam
C03143,36,Jeddah
C03144,21,Medina
C03145,33,Jeddah
C03146,58,Medina
C03147,34,Dammam
C03148,65,Tabuk
C03149,40,Dammam
C03150,29,Dammam
C03151,44,Abha
C03152,51,Mecca
C03153,48,Tabuk
C03154,46,Tabuk
C03155,40,Tabuk
C03156,32,Hail
C03157,63,Mecca
C03158,47,Abha
C03159,19,Mecca
C03160,27,Riyadh
C03161,67,Khobar
C03162,62,Taif
C03163,37,Abha
C03164,30,Abha
C03165,37,Riyadh
C03166,26,Jeddah
C03167,59,Riyadh
C03168,61,Riyadh
C03169,49,Medina
C03170,60,Dammam
C03171,69,Medina
C03172,48,Khobar
C03173,55,Jeddah
C03174,22,Khobar
C03175,46,Hail
C03176,27,Tabuk
C03177,67,Hail
C03178,23,Mecca
C03179,42,Taif
C03180,46,Taif
C03181,23,Mecca
C03182,29,Abha
C03183,55,Abha
C03184,42,Mecca
C03185,51,Khobar
C03186,26,Hail
C03187,51,Hail
C03188,29,Abha
C03189,45,Hail
C03190,62,Khobar
C03191,21,Tabuk
C03192,28,Riyadh
C03193,56,Hail
C03194,31,Riyadh
C03195,66,Abha
C03196,63,Medina
C03197,56,Mecca
C03198,53,Mecca
C03199,40,Dammam
C03200,38,Jeddah
C03201,64,Mecca
C03202,42,Abha
C03203,50,Jeddah
C03204,69,Jeddah
C03205,64,Mecca
C03206,40,Jeddah
C03207,30,Hail
C03208,44,Abha
C03209,19,Mecca
C03210,60,Abha
C03211,51,Mecca
C03212,31,Abha
C03213,20,Hail
C03214,37,Dammam
C03215,63,Jeddah
C03216,66,Tabuk
C03217,57,Hail
C03218,61,Khobar
C03219,20,Taif
C03220,28,Taif
C03221,31,Hail
C03222,50,Dammam
C03223,39,Hail
C03224,68,Taif
C03225,41,Abha
C03226,42,Jeddah
C03227,49,Medina
C03228,40,Jeddah
C03229,69,Mecca
C03230,63,Tabuk
C03231,69,Hail
C03232,63,Abha
C03233,42,Khobar
C03234,69,Tabuk
C03235,66,Tabuk
C03236,27,Mecca
C03237,40,Jeddah
C03238,56,Tabuk
C03239,39,Mecca
C03240,67,Dammam
C03241,58,Khobar
C03242,34,Hail
C03243,43,Abha
C03244,62,Medina
C03245,44,Jeddah
C03246,61,Taif
C03247,30,Hail
C03248,61,Abha
C03249,37,Dammam
C03250,37,Jeddah
C03251,51,Mecca
C03252,21,Hail
C03253,43,Medina
C03254,47,Medina
C03255,33,Dammam
C03256,19,Jeddah
C03257,18,Medina
C03258,65,Hail
C03259,42,Jeddah
C03260,31,Hail
C03261,68,Abha
C03262,42,Dammam
C03263,42,Hail
C03264,49,Medina
C03265,50,Mecca
C03266,39,Hail
C03267,58,Dammam
C03268,53,Mecca
C03269,62,Medina
C03270,19,Taif
C03271,48,Jeddah
C03272,34,Taif
C03273,32,Tabuk
C03274,64,Dammam
C03275,60,Abha
C03276,65,Mecca
C03277,47,Abha
C03278,32,Jeddah
C03279,33,Taif
C03280,48,Mecca
C03281,68,Medina
C03282,60,Hail
C03283,43,Taif
C03284,53,Khobar
C03285,27,Hail
C03286,52,Taif
C03287,25,Hail
C03288,49,Hail
C03289,58,Abha
C03290,68,Abha
C03291,39,Taif
C03292,36,Medina
C03293,44,Khobar
C03294,37,Medina
C03295,31,Khobar
C03296,23,Abha
C03297,39,Dammam
C03298,38,Riyadh
C03299,23,Riyadh
C03300,31,Tabuk
C03301,57,Mecca
C03302,30,Dammam
C03303,58,Abha
C03304,27,Riyadh
C03305,60,Jeddah
C03306,42,Mecca
C03307,31,Hail
C03308,19,Hail
C03309,49,Riyadh
C03310,43,Tabuk
C03311,18,Medina
C03312,58,Taif
C03313,20,Dammam
C03314,67,Riyadh
C03315,48,Hail
C03316,34,Riyadh
C03317,52,Abha
C03318,43,Taif
C03319,29,Tabuk
C03320,69,Tabuk
C03321,52,Taif
C03322,64,Khobar
C03323,44,Riyadh
C03324,60,Medina
C03325,58,Dammam
C03326,39,Jeddah
C03327,42,Medina
C03328,60,Tabuk
C03329,50,Dammam
C03330,31,Dammam
C03331,21,Medina
C03332,64,Tabuk
C03333,41,Dammam
C03334,42,Abha
C03335,31,Abha
C03336,35,Hail
C03337,69,Mecca
C03338,29,Medina
C03339,66,Tabuk
C03340,29,Medina
C03341,65,Riyadh
C03342,40,Dammam
C03343,60,Medina
C03344,21,Medina
C03345,58,Khobar
C03346,50,Khobar
C03347,42,Khobar
C03348,31,Medina
C03349,56,Taif
C03350,24,Dammam
C03351,41,Dammam
C03352,62,Hail
C03353,37,Abha
C03354,62,Mecca
C03355,36,Jeddah
C03356,47,Medina
C03357,47,Dammam
C03358,50,Tabuk
C03359,32,Mecca
C03360,30,Khobar
C03361,23,Mecca
C03362,68,Mecca
C03363,54,Medina
C03364,24,Tabuk
C03365,31,Khobar
C03366,64,Dammam
C03367,63,Khobar
C03368,57,Dammam
C03369,44,Riyadh
C03370,28,Medina
C03371,44,Taif
C03372,39,Hail
C03373,52,Dammam
C03374,40,Mecca
C03375,57,Medina
C03376,61,Tabuk
C03377,33,Jeddah
C03378,50,Riyadh
C03379,18,Riyadh
C03380,59,Tabuk
C03381,52,Dammam
C03382,57,Abha
C03383,37,Medina
C03384,42,Dammam
C03385,64,Abha
C03386,28,Hail
C03387,65,Abha
C03388,18,Hail
C03389,24,Jeddah
C03390,64,Tabuk
C03391,30,Medina
C03392,40,Mecca
C03393,55,Abha
C03394,65,Hail
C03395,51,Mecca
C03396,28,Dammam
C03397,68,Khobar
C03398,47,Abha
C03399,64,Abha
C03400,63,Hail
C03401,59,Jeddah
C03402,56,Abha
C03403,36,Tabuk
C03404,40,Hail
C03405,54,Medina
C03406,38,Khobar
C03407,18,Abha
C03408,65,Jeddah
C03409,46,Abha
C03410,64,Taif
C03411,44,Medina
C03412,66,Mecca
C03413,43,Abha
C03414,62,Riyadh
C03415,53,Jeddah
C03416,34,Tabuk
C03417,54,Medina
C03418,63,Dammam
C03419,59,Hail
C03420,47,Khobar
C03421,29,Jeddah
C03422,22,Tabuk
C03423,45,Medina
C03424,62,Taif
C03425,46,Hail
C03426,49,Medina
C03427,26,Taif
C03428,25,Hail
C03429,53,Mecca
C03430,61,Dammam
C03431,31,Abha
C03432,52,Tabuk
C03433,66,Tabuk
C03434,37,Dammam
C03435,25,Jeddah
C03436,64,Taif
C03437,40,Abha
C03438,46,Riyadh
C03439,68,Abha
C03440,65,Tabuk
C03441,34,Abha
C03442,61,Khobar
C03443,62,Jeddah
C03444,18,Tabuk
C03445,45,Dammam
C03446,67,Tabuk
C03447,58,Riyadh
C03448,49,Abha
C03449,65,Medina
C03450,34,Abha
C03451,28,Khobar
C03452,66,Hail
C03453,33,Mecca
C03454,20,Khobar
C03455,34,Abha
C03456,46,Jeddah
C03457,29,Medina
C03458,62,Abha
C03459,29,Medina
C03460,59,Mecca
C03461,42,Riyadh
C03462,34,Riyadh
C03463,38,Riyadh
C03464,27,Tabuk
C03465,22,Jeddah
C03466,34,Medina
C03467,56,Dammam
C03468,28,Jeddah
C03469,36,Dammam
C03470,51,Khobar
C03471,65,Taif
C03472,37,Medina
C03473,55,Medina
C03474,51,Dammam
C03475,61,Tabuk
C03476,69,Tabuk
C03477,47,Medina
C03478,59,Medina
C03479,54,Mecca
C03480,54,Riyadh
C03481,69,Mecca
C03482,39,Medina
C03483,69,Riyadh
C03484,42,Taif
C03485,30,Mecca
C03486,55,Abha
C03487,64,Abha
C03488,48,Jeddah
C03489,31,Tabuk
C03490,59,Tabuk
C03491,52,Mecca
C03492,45,Khobar
C03493,51,Jeddah
C03494,29,Jeddah
C03495,66,Taif
C03496,54,Hail
C03497,35,Jeddah
C03498,28,Riyadh
C03499,44,Khobar
C03500,39,Abha
C03501,61,Taif
C03502,63,Khobar
C03503,36,Hail
C03504,51,Abha
C03505,40,Jeddah
C03506,46,Jeddah
C03507,19,Dammam
C03508,52,Khobar
C03509,51,Khobar
C03510,27,Jeddah
C03511,45,Tabuk
C03512,54,Mecca
C03513,64,Abha
C03514,34,Mecca
C03515,43,Khobar
C03516,60,Tabuk
C03517,29,Khobar
C03518,61,Medina
C03519,63,Khobar
C03520,29,Hail
C03521,39,Jeddah
C03522,51,Dammam
C03523,34,Mecca
C03524,20,Riyadh
C03525,18,Taif
C03526,37,Mecca
C03527,25,Medina
C03528,50,Dammam
C03529,35,Abha
C03530,57,Medina
C03531,58,Mecca
C03532,54,Mecca
C03533,67,Taif
C03534,35,Mecca
C03535,44,Tabuk
C03536,39,Khobar
C03537,40,Abha
C03538,34,Tabuk
C03539,21,Tabuk
C03540,59,Jeddah
C03541,42,Tabuk
C03542,37,Taif
C03543,47,Jeddah
C03544,45,Tabuk
C03545,66,Taif
C03546,58,Mecca
C03547,62,Khobar
C03548,67,Hail
C03549,24,Mecca
C03550,55,Riyadh
C03551,29,Mecca
C03552,23,Dammam
C03553,52,Taif
C03554,48,Taif
C03555,57,Tabuk
C03556,18,Tabuk
C03557,67,Medina
C03558,41,Khobar
C03559,36,Jeddah
C03560,69,Taif
C03561,68,Dammam
C03562,66,Jeddah
C03563,59,Riyadh
C03564,48,Medina
C03565,39,Medina
C03566,61,Riyadh
C03567,26,Dammam
C03568,24,Jeddah
C03569,20,Khobar
C03570,54,Tabuk
C03571,60,Jeddah
C03572,44,Khobar
C03573,24,Dammam
C03574,54,Dammam
C03575,69,Taif
C03576,29,Taif
C03577,31,Riyadh
C03578,67,Hail
C03579,55,Hail
C03580,50,Riyadh
C03581,46,Taif
C03582,59,Riyadh
C03583,44,Hail
C03584,23,Khobar
C03585,29,Mecca
C03586,28,Dammam
C03587,37,Riyadh
C03588,58,Riyadh
C03589,18,Riyadh
C03590,54,Riyadh
C03591,37,Abha
C03592,27,Mecca
C03593,49,Mecca
C03594,64,Taif
C03595,67,Jeddah
C03596,18,Dammam
C03597,35,Hail
C03598,58,Medina
C03599,54,Medina
C03600,49,Abha
C03601,36,Hail
C03602,34,Jeddah
C03603,63,Tabuk
C03604,29,Dammam
C03605,53,Jeddah
C03606,58,Hail
C03607,54,Hail
C03608,61,Tabuk
C03609,60,Abha
C03610,30,Khobar
C03611,66,Abha
C03612,50,Tabuk
C03613,42,Dammam
C03614,54,Abha
C03615,40,Tabuk
C03616,40,Dammam
C03617,33,Dammam
C03618,35,Abha
C03619,20,Hail
C03620,22,Abha
C03621,57,Mecca
C03622,45,Abha
C03623,52,Tabuk
C03624,35,Dammam
C03625,44,Medina
C03626,52,Khobar
C03627,35,Tabuk
C03628,30,Mecca
C03629,61,Abha
C03630,59,Taif
C03631,31,Hail
C03632,43,Dammam
C03633,61,Taif
C03634,36,Riyadh
C03635,18,Medina
C03636,44,Abha
C03637,21,Dammam
C03638,29,Jeddah
C03639,50,Abha
C03640,58,Medina
C03641,23,Tabuk
C03642,30,Taif
C03643,56,Abha
C03644,23,Taif
C03645,18,Tabuk
C03646,57,Taif
C03647,54,Abha
C03648,21,Hail
C03649,47,Tabuk
C03650,34,Riyadh
C03651,68,Hail
C03652,31,Medina
C03653,26,Hail
C03654,41,Jeddah
C03655,66,Jeddah
C03656,39,Mecca
C03657,52,Riyadh
C03658,40,Taif
C03659,31,Dammam
C03660,34,Khobar
C03661,47,Hail
C03662,38,Dammam
C03663,25,Tabuk
C03664,53,Tabuk
C03665,67,Jeddah
C03666,45,Jeddah
C03667,19,Taif
C03668,61,Medina
C03669,34,Medina
C03670,22,Tabuk
C03671,62,Dammam
C03672,30,Khobar
C03673,33,Khobar
C03674,43,Jeddah
C03675,60,Tabuk
C03676,51,Medina
C03677,42,Tabuk
C03678,68,Abha
C03679,56,Dammam
C03680,37,Taif
C03681,57,Jeddah
C03682,42,Khobar
C03683,35,Khobar
C03684,27,Riyadh
C03685,31,Riyadh
C03686,53,Jeddah
C03687,48,Khobar
C03688,39,Taif
C03689,40,Dammam
C03690,53,Hail
C03691,35,Taif
C03692,21,Jeddah
C03693,25,Riyadh
C03694,26,Taif
C03695,36,Tabuk
C03696,32,Riyadh
C03697,20,Tabuk
C03698,43,Dammam
C03699,69,Medina
C03700,30,Mecca
C03701,27,Khobar
C03702,68,Mecca
C03703,37,Tabuk
C03704,58,Hail
C03705,64,Abha
C03706,25,Taif
C03707,63,Jeddah
C03708,29,Jeddah
C03709,21,Tabuk
C03710,54,Jeddah
C03711,18,Hail
C03712,26,Hail
C03713,31,Dammam
C03714,57,Taif
C03715,34,Abha
C03716,47,Hail
C03717,56,Tabuk
C03718,53,Hail
C03719,49,Medina
C03720,63,Mecca
C03721,60,Dammam
C03722,64,Medina
C03723,64,Mecca
C03724,33,Tabuk
C03725,62,Abha
C03726,19,Khobar
C03727,40,Mecca
C03728,36,Jeddah
C03729,20,Mecca
C03730,61,Abha
C03731,34,Medina
C03732,35,Riyadh
C03733,49,Riyadh
C03734,31,Mecca
C03735,55,Tabuk
C03736,59,Dammam
C03737,52,Mecca
C03738,22,Taif
C03739,47,Riyadh
C03740,27,Medina
C03741,34,Khobar
C03742,55,Mecca
C03743,18,Jeddah
C03744,24,Taif
C03745,36,Dammam
C03746,26,Abha
C03747,47,Abha
C03748,69,Dammam
C03749,67,Khobar
C03750,49,Abha
C03751,50,Dammam
C03752,32,Taif
C03753,18,Taif
C03754,54,Riyadh
C03755,59,Riyadh
C03756,18,Mecca
C03757,59,Mecca
C03758,23,Mecca
C03759,51,Abha
C03760,47,Hail
C03761,49,Tabuk
C03762,57,Abha
C03763,29,Medina
C03764,49,Hail
C03765,46,Khobar
C03766,31,Tabuk
C03767,37,Khobar
C03768,66,Riyadh
C03769,48,Taif
C03770,59,Riyadh
C03771,60,Jeddah
C03772,66,Mecca
C03773,63,Taif
C03774,63,Taif
C03775,41,Riyadh
C03776,37,Taif
C03777,53,Tabuk
C03778,34,Mecca
C03779,54,Dammam
C03780,49,Taif
C03781,29,Dammam
C03782,19,Mecca
C03783,60,Abha
C03784,23,Medina
C03785,33,Medina
C03786,56,Medina
C03787,21,Riyadh
C03788,29,Abha
C03789,39,Jeddah
C03790,45,Taif
C03791,47,Hail
C03792,31,Hail
C03793,22,Abha
C03794,33,Khobar
C03795,33,Taif
C03796,54,Riyadh
C03797,32,Khobar
C03798,23,Dammam
C03799,20,Tabuk
C03800,62,Dammam
C03801,46,Hail
C03802,57,Abha
C03803,36,Hail
C03804,48,Abha
C03805,59,Jeddah
C03806,49,Taif
C03807,30,Jeddah
C03808,45,Khobar
C03809,27,Medina
C03810,63,Mecca
C03811,57,Abha
C03812,30,Hail
C03813,33,Hail
C03814,47,Dammam
C03815,29,Abha
C03816,35,Abha
C03817,33,Jeddah
C03818,34,Taif
C03819,62,Taif
C03820,27,Mecca
C03821,58,Hail
C03822,23,Khobar
C03823,18,Khobar
C03824,55,Medina
C03825,43,Riyadh
C03826,29,Hail
C03827,47,Hail
C03828,37,Dammam
C03829,21,Khobar
C03830,44,Khobar
C03831,42,Taif
C03832,39,Jeddah
C03833,47,Riyadh
C03834,24,Tabuk
C03835,37,Dammam
C03836,47,Hail
C03837,50,Khobar
C03838,45,Dammam
C03839,35,Dammam
C03840,52,Riyadh
C03841,25,Mecca
C03842,62,Medina
C03843,60,Mecca
C03844,42,Dammam
C03845,26,Taif
C03846,32,Dammam
C03847,22,Khobar
C03848,48,Hail
C03849,18,Riyadh
C03850,67,Hail
C03851,20,Jeddah
C03852,32,Riyadh
C03853,38,Khobar
C03854,69,Medina
C03855,58,Abha
C03856,61,Khobar
C03857,68,Dammam
C03858,69,Hail
C03859,49,Khobar
C03860,58,Taif
C03861,59,Abha
C03862,49,Jeddah
C03863,40,Riyadh
C03864,34,Riyadh
C03865,64,Taif
C03866,38,Riyadh
C03867,52,Riyadh
C03868,57,Mecca
C03869,67,Mecca
C03870,62,Jeddah
C03871,26,Taif
C03872,42,Taif
C03873,49,Taif
C03874,56,Jeddah
C03875,19,Tabuk
C03876,37,Tabuk
C03877,54,Taif
C03878,41,Mecca
C03879,49,Dammam
C03880,20,Mecca
C03881,20,Hail
C03882,18,Jeddah
C03883,42,Mecca
C03884,58,Riyadh
C03885,33,Khobar
C03886,41,Mecca
C03887,27,Mecca
C03888,65,Khobar
C03889,53,Tabuk
C03890,39,Medina
C03891,50,Tabuk
C03892,61,Taif
C03893,33,Medina
C03894,43,Tabuk
C03895,66,Khobar
C03896,54,Hail
C03897,65,Mecca
C03898,45,Hail
C03899,65,Medina
C03900,55,Taif
C03901,21,Dammam
C03902,46,Mecca
C03903,34,Abha
C03904,39,Riyadh
C03905,27,Riyadh
C03906,29,Tabuk
C03907,63,Mecca
C03908,52,Abha
C03909,59,Taif
C03910,58,Jeddah
C03911,23,Dammam
C03912,45,Tabuk
C03913,35,Hail
C03914,67,Mecca
C03915,52,Taif
C03916,44,Dammam
C03917,22,Taif
C03918,20,Dammam
C03919,21,Taif
C03920,33,Mecca
C03921,40,Jeddah
C03922,61,Jeddah
C03923,62,Tabuk
C03924,28,Dammam
C03925,26,Khobar
C03926,47,Khobar
C03927,39,Taif
C03928,26,Mecca
C03929,62,Abha
C03930,52,Medina
C03931,52,Taif
C03932,67,Mecca
C03933,34,Mecca
C03934,62,Jeddah
C03935,18,Medina
C03936,56,Riyadh
C03937,47,Abha
C03938,27,Jeddah
C03939,41,Tabuk
C03940,26,Taif
C03941,19,Dammam
C03942,65,Dammam
C03943,56,Abha
C03944,67,Tabuk
C03945,45,Hail
C03946,35,Dammam
C03947,47,Tabuk
C03948,29,Hail
C03949,24,Hail
C03950,18,Hail
C03951,66,Jeddah
C03952,44,Riyadh
C03953,51,Mecca
C03954,66,Tabuk
C03955,40,Mecca
C03956,33,Jeddah
C03957,35,Tabuk
C03958,44,Tabuk
C03959,34,Khobar
C03960,66,Mecca
C03961,56,Abha
C03962,56,Tabuk
C03963,52,Medina
C03964,55,Abha
C03965,28,Riyadh
C03966,53,Tabuk
C03967,67,Dammam
C03968,26,Riyadh
C03969,20,Hail
C03970,55,Abha
C03971,34,Riyadh
C03972,69,Taif
C03973,67,Medina
C03974,32,Medina
C03975,46,Mecca
C03976,61,Jeddah
C03977,66,Mecca
C03978,52,Taif
C03979,43,Khobar
C03980,21,Medina
C03981,32,Jeddah
C03982,50,Jeddah
C03983,61,Jeddah
C03984,37,Tabuk
C03985,58,Abha
C03986,50,Medina
C03987,41,Tabuk
C03988,31,Jeddah
C03989,36,Medina
C03990,48,Mecca
C03991,34,Taif
C03992,56,Riyadh
C03993,51,Medina
C03994,18,Abha
C03995,61,Mecca
C03996,28,Medina
C03997,37,Hail
C03998,55,Medina
C03999,27,Mecca
C04000,69,Dammam
C04001,40,Medina
C04002,38,Taif
C04003,65,Khobar
C04004,67,Jeddah
C04005,21,Riyadh
C04006,50,Hail
C04007,38,Riyadh
C04008,18,Jeddah
C04009,56,Jeddah
C04010,49,Taif
C04011,24,Dammam
C04012,69,Abha
C04013,26,Hail
C04014,30,Medina
C04015,42,Abha
C04016,24,Jeddah
C04017,20,Riyadh
C04018,25,Khobar
C04019,54,Hail
C04020,43,Dammam
C04021,34,Hail
C04022,54,Dammam
C04023,48,Khobar
C04024,22,Riyadh
C04025,37,Riyadh
C04026,61,Tabuk
C04027,53,Abha
C04028,64,Hail
C04029,61,Tabuk
C04030,44,Hail
C04031,41,Dammam
C04032,22,Mecca
C04033,23,Riyadh
C04034,58,Riyadh
C04035,53,Medina
C04036,64,Abha
C04037,69,Khobar
C04038,52,Abha
C04039,55,Medina
C04040,60,Riyadh
C04041,43,Abha
C04042,18,Jeddah
C04043,48,Abha
C04044,35,Tabuk
C04045,20,Dammam
C04046,40,Jeddah
C04047,19,Taif
C04048,54,Jeddah
C04049,66,Abha
C04050,40,Hail
C04051,55,Medina
C04052,68,Khobar
C04053,64,Mecca
C04054,18,Abha
C04055,52,Mecca
C04056,35,Khobar
C04057,38,Taif
C04058,36,Riyadh
C04059,38,Khobar
C04060,65,Abha
C04061,48,Jeddah
C04062,54,Mecca
C04063,63,Taif
C04064,53,Medina
C04065,41,Tabuk
C04066,60,Dammam
C04067,62,Dammam
C04068,64,Abha
C04069,24,Tabuk
C04070,33,Hail
C04071,57,Taif
C04072,54,Mecca
C04073,65,Dammam
C04074,31,Jeddah
C04075,55,Riyadh
C04076,48,Riyadh
C04077,24,Medina
C04078,65,Taif
C04079,43,Dammam
C04080,48,Hail
C04081,38,Tabuk
C04082,66,Abha
C04083,26,Taif
C04084,31,Mecca
C04085,34,Medina
C04086,63,Abha
C04087,63,Abha
C04088,26,Hail
C04089,50,Khobar
C04090,64,Khobar
C04091,50,Medina
C04092,37,Abha
C04093,68,Dammam
C04094,55,Dammam
C04095,35,Abha
C04096,19,Abha
C04097,22,Abha
C04098,28,Riyadh
C04099,23,Taif
C04100,40,Jeddah
C04101,32,Jeddah
C04102,56,Jeddah
C04103,41,Riyadh
C04104,40,Taif
C04105,46,Riyadh
C04106,22,Riyadh
C04107,55,Hail
C04108,27,Tabuk
C04109,45,Khobar
C04110,31,Dammam
C04111,29,Medina
C04112,60,Taif
C04113,48,Mecca
C04114,50,Jeddah
C04115,60,Tabuk
C04116,45,Tabuk
C04117,61,Khobar
C04118,24,Riyadh
C04119,29,Mecca
C04120,21,Khobar
C04121,56,Riyadh
C04122,54,Dammam
C04123,37,Mecca
C04124,37,Abha
C04125,59,Mecca
C04126,36,Khobar
C04127,33,Riyadh
C04128,64,Abha
C04129,52,Mecca
C04130,50,Taif
C04131,51,Riyadh
C04132,68,Taif
C04133,49,Dammam
C04134,48,Medina
C04135,42,Riyadh
C04136,64,Mecca
C04137,60,Medina
C04138,42,Khobar
C04139,22,Abha
C04140,40,Tabuk
C04141,25,Taif
C04142,47,Hail
C04143,62,Tabuk
C04144,57,Abha
C04145,49,Abha
C04146,35,Riyadh
C04147,50,Tabuk
C04148,33,Abha
C04149,37,Medina
C04150,37,Riyadh
C04151,61,Abha
C04152,19,Abha
C04153,32,Medina
C04154,37,Jeddah
C04155,24,Medina
C04156,22,Tabuk
C04157,57,Mecca
C04158,67,Taif
C04159,28,Tabuk
C04160,36,Hail
C04161,18,Mecca
C04162,69,Riyadh
C04163,56,Riyadh
C04164,32,Tabuk
C04165,23,Taif
C04166,34,Khobar
C04167,56,Tabuk
C04168,69,Mecca
C04169,69,Jeddah
C04170,18,Mecca
C04171,58,Hail
C04172,42,Jeddah
C04173,68,Abha
C04174,39,Jeddah
C04175,41,Riyadh
C04176,68,Riyadh
C04177,32,Tabuk
C04178,43,Tabuk
C04179,25,Jeddah
C04180,35,Riyadh
C04181,38,Medina
C04182,29,Abha
C04183,59,Hail
C04184,40,Hail
C04185,29,Medina
C04186,19,Taif
C04187,29,Dammam
C04188,63,Dammam
C04189,33,Riyadh
C04190,28,Tabuk
C04191,66,Hail
C04192,63,Riyadh
C04193,65,Medina
C04194,20,Medina
C04195,49,Abha
C04196,46,Jeddah
C04197,36,Dammam
C04198,23,Taif
C04199,26,Mecca
C04200,40,Medina
C04201,59,Tabuk
C04202,44,Abha
C04203,57,Mecca
C04204,26,Taif
C04205,57,Khobar
C04206,51,Jeddah
C04207,23,Khobar
C04208,20,Taif
C04209,27,Medina
C04210,67,Riyadh
C04211,38,Hail
C04212,36,Taif
C04213,60,Mecca
C04214,25,Hail
C04215,25,Tabuk
C04216,48,Jeddah
C04217,37,Hail
C04218,41,Dammam
C04219,57,Abha
C04220,24,Taif
C04221,69,Jeddah
C04222,50,Dammam
C04223,32,Jeddah
C04224,68,Mecca
C04225,65,Medina
C04226,25,Mecca
C04227,42,Taif
C04228,35,Mecca
C04229,37,Khobar
C04230,57,Taif
C04231,19,Dammam
C04232,61,Dammam
C04233,31,Jeddah
C04234,57,Khobar
C04235,39,Hail
C04236,63,Medina
C04237,34,Mecca
C04238,52,Jeddah
C04239,37,Mecca
C04240,25,Hail
C04241,54,Tabuk
C04242,25,Tabuk
C04243,57,Jeddah
C04244,28,Riyadh
C04245,61,Medina
C04246,32,Medina
C04247,38,Taif
C04248,44,Mecca
C04249,58,Tabuk
C04250,43,Jeddah
C04251,59,Taif
C04252,38,Mecca
C04253,23,Riyadh
C04254,45,Jeddah
C04255,40,Abha
C04256,46,Abha
C04257,56,Abha
C04258,31,Abha
C04259,23,Hail
C04260,26,Abha
C04261,25,Dammam
C04262,61,Hail
C04263,64,Hail
C04264,49,Mecca
C04265,32,Medina
C04266,27,Mecca
C04267,22,Khobar
C04268,30,Dammam
C04269,39,Mecca
C04270,62,Taif
C04271,47,Mecca
C04272,30,Abha
C04273,24,Medina
C04274,19,Tabuk
C04275,25,Jeddah
C04276,40,Riyadh
C04277,52,Dammam
C04278,32,Abha
C04279,45,Mecca
C04280,24,Taif
C04281,47,Abha
C04282,37,Taif
C04283,43,Tabuk
C04284,26,Tabuk
C04285,61,Medina
C04286,32,Mecca
C04287,69,Jeddah
C04288,52,Taif
C04289,57,Mecca
C04290,25,Taif
C04291,18,Taif
C04292,54,Tabuk
C04293,30,Dammam
C04294,49,Abha
C04295,46,Mecca
C04296,38,Tabuk
C04297,43,Khobar
C04298,53,Khobar
C04299,32,Jeddah
C04300,63,Mecca
C04301,54,Taif
C04302,47,Dammam
C04303,33,Medina
C04304,30,Medina
C04305,31,Khobar
C04306,67,Tabuk
C04307,33,Khobar
C04308,39,Tabuk
C04309,36,Medina
C04310,53,Dammam
C04311,34,Dammam
C04312,66,Jeddah
C04313,38,Hail
C04314,63,Mecca
C04315,65,Medina
C04316,34,Riyadh
C04317,60,Taif
C04318,20,Riyadh
C04319,60,Dammam
C04320,45,Mecca
C04321,31,Abha
C04322,33,Jeddah
C04323,63,Jeddah
C04324,51,Abha
C04325,31,Mecca
C04326,47,Tabuk
C04327,67,Jeddah
C04328,49,Dammam
C04329,35,Abha
C04330,37,Hail
C04331,26,Medina
C04332,53,Mecca
C04333,28,Taif
C04334,56,Khobar
C04335,69,Taif
C04336,33,Tabuk
C04337,68,Hail
C04338,37,Hail
C04339,24,Riyadh
C04340,37,Medina
C04341,28,Dammam
C04342,23,Khobar
C04343,36,Riyadh
C04344,28,Mecca
C04345,30,Medina
C04346,38,Mecca
C04347,40,Riyadh
C04348,63,Mecca
C04349,53,Abha
C04350,25,Khobar
C04351,60,Tabuk
C04352,41,Jeddah
C04353,60,Tabuk
C04354,19,Abha
C04355,26,Tabuk
C04356,63,Khobar
C04357,24,Tabuk
C04358,21,Hail
C04359,48,Khobar
C04360,42,Mecca
C04361,42,Hail
C04362,68,Abha
C04363,40,Medina
C04364,41,Mecca
C04365,42,Mecca
C04366,49,Hail
C04367,53,Khobar
C04368,23,Hail
C04369,67,Riyadh
C04370,57,Dammam
C04371,32,Khobar
C04372,64,Tabuk
C04373,26,Khobar
C04374,37,Riyadh
C04375,63,Hail
C04376,30,Dammam
C04377,66,Jeddah
C04378,57,Taif
C04379,42,Mecca
C04380,61,Hail
C04381,62,Hail
C04382,34,Khobar
C04383,21,Riyadh
C04384,33,Hail
C04385,34,Hail
C04386,18,Tabuk
C04387,45,Jeddah
C04388,35,Hail
C04389,48,Taif
C04390,29,Tabuk
C04391,58,Tabuk
C04392,21,Tabuk
C04393,52,Khobar
C04394,21,Tabuk
C04395,61,Medina
C04396,24,Abha
C04397,29,Dammam
C04398,45,Hail
C04399,66,Abha
C04400,31,Taif
C04401,21,Jeddah
C04402,52,Mecca
C04403,40,Dammam
C04404,66,Tabuk
C04405,67,Tabuk
C04406,66,Khobar
C04407,24,Khobar
C04408,59,Riyadh
C04409,22,Dammam
C04410,35,Hail
C04411,58,Tabuk
C04412,53,Abha
C04413,39,Abha
C04414,27,Jeddah
C04415,44,Taif
C04416,57,Hail
C04417,22,Mecca
C04418,56,Hail
C04419,47,Jeddah
C04420,32,Jeddah
C04421,31,Hail
C04422,55,Riyadh
C04423,21,Mecca
C04424,62,Hail
C04425,42,Taif
C04426,50,Abha
C04427,58,Khobar
C04428,23,Taif
C04429,35,Taif
C04430,39,Dammam
C04431,62,Dammam
C04432,42,Dammam
C04433,28,Jeddah
C04434,40,Hail
C04435,58,Khobar
C04436,25,Dammam
C04437,59,Jeddah
C04438,41,Hail
C04439,49,Dammam
C04440,42,Mecca
C04441,41,Riyadh
C04442,32,Jeddah
C04443,59,Hail
C04444,54,Abha
C04445,40,Dammam
C04446,24,Hail
C04447,43,Abha
C04448,46,Tabuk
C04449,32,Dammam
C04450,39,Khobar
C04451,47,Tabuk
C04452,38,Riyadh
C04453,64,Hail
C04454,39,Medina
C04455,55,Khobar
C04456,55,Abha
C04457,64,Tabuk
C04458,18,Medina
C04459,61,Medina
C04460,67,Taif
C04461,44,Mecca
C04462,44,Taif
C04463,18,Riyadh
C04464,61,Taif
C04465,19,Tabuk
C04466,56,Abha
C04467,66,Dammam
C04468,55,Khobar
C04469,32,Hail
C04470,46,Medina
C04471,32,Jeddah
C04472,33,Jeddah
C04473,31,Khobar
C04474,32,Khobar
C04475,53,Medina
C04476,41,Hail
C04477,69,Mecca
C04478,56,Mecca
C04479,61,Khobar
C04480,33,Jeddah
C04481,26,Jeddah
C04482,33,Dammam
C04483,58,Jeddah
C04484,38,Mecca
C04485,58,Jeddah
C04486,59,Medina
C04487,41,Tabuk
C04488,59,Khobar
C04489,45,Medina
C04490,22,Medina
C04491,47,Khobar
C04492,29,Abha
C04493,35,Jeddah
C04494,31,Taif
C04495,44,Mecca
C04496,36,Hail
C04497,41,Dammam
C04498,57,Jeddah
C04499,29,Medina
C04500,51,Jeddah
C04501,20,Riyadh
C04502,38,Dammam
C04503,18,Abha
C04504,49,Abha
C04505,56,Khobar
C04506,26,Taif
C04507,67,Tabuk
C04508,67,Riyadh
C04509,55,Medina
C04510,21,Dammam
C04511,58,Hail
C04512,29,Medina
C04513,63,Khobar
C04514,63,Mecca
C04515,35,Khobar
C04516,56,Riyadh
C04517,51,Tabuk
C04518,21,Tabuk
C04519,61,Taif
C04520,41,Medina
C04521,30,Hail
C04522,45,Jeddah
C04523,31,Dammam
C04524,67,Medina
C04525,41,Mecca
C04526,45,Hail
C04527,47,Tabuk
C04528,55,Hail
C04529,58,Mecca
C04530,54,Khobar
C04531,68,Riyadh
C04532,57,Tabuk
C04533,18,Tabuk
C04534,68,Jeddah
C04535,58,Hail
C04536,67,Tabuk
C04537,41,Taif
C04538,59,Jeddah
C04539,55,Riyadh
C04540,53,Jeddah
C04541,31,Hail
C04542,19,Hail
C04543,69,Medina
C04544,65,Abha
C04545,64,Tabuk
C04546,20,Jeddah
C04547,22,Tabuk
C04548,19,Khobar
C04549,33,Mecca
C04550,58,Jeddah
C04551,31,Abha
C04552,30,Abha
C04553,58,Riyadh
C04554,47,Abha
C04555,41,Khobar
C04556,41,Jeddah
C04557,20,Abha
C04558,50,Jeddah
C04559,24,Abha
C04560,64,Mecca
C04561,66,Tabuk
C04562,38,Tabuk
C04563,40,Mecca
C04564,33,Tabuk
C04565,38,Hail
C04566,23,Tabuk
C04567,31,Mecca
C04568,48,Mecca
C04569,60,Dammam
C04570,27,Khobar
C04571,58,Hail
C04572,64,Hail
C04573,39,Medina
C04574,49,Dammam
C04575,38,Riyadh
C04576,23,Abha
C04577,18,Khobar
C04578,62,Hail
C04579,26,Hail
C04580,37,Jeddah
C04581,36,Tabuk
C04582,60,Jeddah
C04583,45,Mecca
C04584,26,Medina
C04585,68,Hail
C04586,18,Abha
C04587,33,Hail
C04588,19,Taif
C04589,59,Jeddah
C04590,57,Dammam
C04591,37,Riyadh
C04592,55,Mecca
C04593,67,Jeddah
C04594,35,Riyadh
C04595,42,Abha
C04596,43,Hail
C04597,26,Khobar
C04598,59,Mecca
C04599,67,Taif
C04600,69,Jeddah
C04601,59,Medina
C04602,58,Medina
C04603,25,Abha
C04604,21,Riyadh
C04605,46,Medina
C04606,51,Abha
C04607,22,Dammam
C04608,61,Khobar
C04609,45,Khobar
C04610,69,Mecca
C04611,48,Taif
C04612,28,Tabuk
C04613,24,Dammam
C04614,25,Taif
C04615,68,Abha
C04616,54,Medina
C04617,53,Riyadh
C04618,52,Hail
C04619,33,Hail
C04620,47,Riyadh
C04621,32,Riyadh
C04622,59,Taif
C04623,48,Medina
C04624,45,Medina
C04625,29,Mecca
C04626,28,Riyadh
C04627,50,Taif
C04628,39,Dammam
C04629,68,Tabuk
C04630,65,Jeddah
C04631,69,Jeddah
C04632,45,Tabuk
C04633,18,Riyadh
C04634,41,Taif
C04635,57,Tabuk
C04636,44,Abha
C04637,66,Tabuk
C04638,66,Tabuk
C04639,19,Tabuk
C04640,62,Jeddah
C04641,48,Khobar
C04642,39,Tabuk
C04643,33,Dammam
C04644,62,Hail
C04645,64,Hail
C04646,55,Mecca
C04647,58,Khobar
C04648,49,Taif
C04649,33,Mecca
C04650,36,Tabuk
C04651,62,Tabuk
C04652,42,Taif
C04653,63,Medina
C04654,49,Abha
C04655,29,Riyadh
C04656,67,Tabuk
C04657,56,Medina
C04658,66,Dammam
C04659,20,Mecca
C04660,64,Abha
C04661,21,Dammam
C04662,39,Riyadh
C04663,26,Jeddah
C04664,30,Taif
C04665,55,Medina
C04666,47,Tabuk
C04667,21,Tabuk
C04668,37,Jeddah
C04669,45,Dammam
C04670,50,Jeddah
C04671,38,Dammam
C04672,36,Riyadh
C04673,18,Riyadh
C04674,29,Tabuk
C04675,65,Riyadh
C04676,65,Hail
C04677,64,Abha
C04678,26,Riyadh
C04679,61,Medina
C04680,65,Dammam
C04681,41,Abha
C04682,19,Jeddah
C04683,54,Dammam
C04684,68,Riyadh
C04685,59,Mecca
C04686,62,Hail
C04687,23,Taif
C04688,25,Jeddah
C04689,34,Dammam
C04690,64,Abha
C04691,29,Medina
C04692,28,Tabuk
C04693,37,Dammam
C04694,53,Riyadh
C04695,29,Jeddah
C04696,42,Hail
C04697,46,Riyadh
C04698,40,Riyadh
C04699,48,Dammam
C04700,30,Khobar
C04701,56,Tabuk
C04702,44,Hail
C04703,56,Mecca
C04704,68,Abha
C04705,44,Mecca
C04706,19,Khobar
C04707,35,Abha
C04708,34,Tabuk
C04709,50,Riyadh
C04710,47,Taif
C04711,52,Mecca
C04712,63,Taif
C04713,40,Taif
C04714,42,Mecca
C04715,46,Khobar
C04716,50,Dammam
C04717,54,Hail
C04718,56,Abha
C04719,50,Abha
C04720,37,Dammam
C04721,51,Mecca
C04722,33,Abha
C04723,66,Hail
C04724,68,Mecca
C04725,33,Hail
C04726,38,Taif
C04727,45,Dammam
C04728,40,Jeddah
C04729,62,Taif
C04730,30,Jeddah
C04731,63,Khobar
C04732,20,Taif
C04733,30,Tabuk
C04734,44,Khobar
C04735,37,Khobar
C04736,23,Medina
C04737,19,Tabuk
C04738,32,Dammam
C04739,25,Khobar
C04740,24,Riyadh
C04741,19,Hail
C04742,23,Dammam
C04743,63,Dammam
C04744,44,Taif
C04745,62,Dammam
C04746,43,Hail
C04747,37,Hail
C04748,26,Medina
C04749,20,Mecca
C04750,45,Medina
C04751,23,Mecca
C04752,20,Hail
C04753,47,Taif
C04754,42,Dammam
C04755,22,Hail
C04756,34,Taif
C04757,39,Dammam
C04758,23,Mecca
C04759,53,Taif
C04760,50,Dammam
C04761,33,Dammam
C04762,48,Abha
C04763,18,Abha
C04764,48,Hail
C04765,57,Abha
C04766,31,Mecca
C04767,23,Hail
C04768,69,Khobar
C04769,44,Riyadh
C04770,43,Riyadh
C04771,44,Mecca
C04772,61,Khobar
C04773,19,Tabuk
C04774,30,Medina
C04775,27,Dammam
C04776,67,Taif
C04777,50,Abha
C04778,44,Hail
C04779,37,Mecca
C04780,36,Khobar
C04781,19,Medina
C04782,59,Jeddah
C04783,49,Jeddah
C04784,66,Medina
C04785,52,Abha
C04786,49,Abha
C04787,31,Abha
C04788,47,Tabuk
C04789,47,Tabuk
C04790,18,Tabuk
C04791,52,Riyadh
C04792,68,Taif
C04793,24,Tabuk
C04794,51,Tabuk
C04795,38,Abha
C04796,50,Jeddah
C04797,42,Hail
C04798,38,Riyadh
C04799,32,Hail
C04800,30,Mecca
C04801,23,Mecca
C04802,29,Hail
C04803,54,Abha
C04804,48,Tabuk
C04805,43,Hail
C04806,61,Khobar
C04807,21,Jeddah
C04808,51,Hail
C04809,66,Taif
C04810,18,Medina
C04811,54,Riyadh
C04812,25,Tabuk
C04813,25,Mecca
C04814,42,Riyadh
C04815,48,Taif
C04816,69,Abha
C04817,54,Riyadh
C04818,30,Hail
C04819,57,Taif
C04820,31,Dammam
C04821,37,Abha
C04822,33,Tabuk
C04823,67,Medina
C04824,20,Taif
C04825,20,Mecca
C04826,19,Jeddah
C04827,57,Hail
C04828,54,Abha
C04829,33,Mecca
C04830,37,Taif
C04831,25,Abha
C04832,23,Taif
C04833,35,Dammam
C04834,35,Dammam
C04835,54,Riyadh
C04836,26,Mecca
C04837,39,Mecca
C04838,32,Abha
C04839,64,Dammam
C04840,19,Riyadh
C04841,23,Jeddah
C04842,57,Dammam
C04843,37,Hail
C04844,34,Medina
C04845,30,Hail
C04846,59,Jeddah
C04847,55,Hail
C04848,67,Riyadh
C04849,47,Riyadh
C04850,59,Abha
C04851,44,Mecca
C04852,23,Abha
C04853,62,Tabuk
C04854,54,Abha
C04855,43,Hail
C04856,43,Taif
C04857,65,Mecca
C04858,33,Tabuk
C04859,51,Mecca
C04860,37,Taif
C04861,64,Hail
C04862,23,Medina
C04863,50,Taif
C04864,24,Khobar
C04865,59,Medina
C04866,30,Abha
C04867,59,Dammam
C04868,34,Dammam
C04869,50,Mecca
C04870,46,Abha
C04871,20,Dammam
C04872,25,Medina
C04873,52,Abha
C04874,53,Riyadh
C04875,63,Taif
C04876,20,Hail
C04877,27,Khobar
C04878,47,Riyadh
C04879,44,Taif
C04880,22,Hail
C04881,56,Hail
C04882,40,Abha
C04883,37,Riyadh
C04884,27,Hail
C04885,58,Jeddah
C04886,43,Riyadh
C04887,37,Riyadh
C04888,42,Abha
C04889,54,Medina
C04890,60,Mecca
C04891,48,Hail
C04892,32,Dammam
C04893,20,Riyadh
C04894,35,Hail
C04895,20,Riyadh
C04896,69,Taif
C04897,34,Taif
C04898,67,Dammam
C04899,34,Tabuk
C04900,29,Abha
C04901,43,Abha
C04902,27,Taif
C04903,40,Taif
C04904,69,Riyadh
C04905,30,Tabuk
C04906,33,Dammam
C04907,20,Hail
C04908,23,Abha
C04909,20,Taif
C04910,41,Khobar
C04911,57,Khobar
C04912,29,Tabuk
C04913,23,Riyadh
C04914,25,Dammam
C04915,68,Dammam
C04916,36,Medina
C04917,42,Tabuk
C04918,61,Hail
C04919,60,Jeddah
C04920,65,Jeddah
C04921,60,Mecca
C04922,44,Dammam
C04923,24,Mecca
C04924,47,Riyadh
C04925,44,Abha
C04926,62,Hail
C04927,48,Taif
C04928,22,Medina
C04929,62,Riyadh
C04930,53,Khobar
C04931,32,Mecca
C04932,52,Riyadh
C04933,30,Khobar
C04934,29,Jeddah
C04935,19,Riyadh
C04936,34,Medina
C04937,52,Tabuk
C04938,58,Tabuk
C04939,52,Riyadh
C04940,42,Medina
C04941,53,Mecca
C04942,65,Riyadh
C04943,25,Mecca
C04944,37,Riyadh
C04945,32,Tabuk
C04946,53,Mecca
C04947,41,Dammam
C04948,23,Hail
C04949,29,Abha
C04950,60,Jeddah
C04951,49,Hail
C04952,30,Tabuk
C04953,54,Riyadh
C04954,69,Hail
C04955,27,Hail
C04956,45,Mecca
C04957,58,Tabuk
C04958,22,Dammam
C04959,40,Abha
C04960,21,Medina
C04961,59,Abha
C04962,30,Khobar
C04963,41,Riyadh
C04964,54,Abha
C04965,47,Medina
C04966,61,Medina
C04967,49,Medina
C04968,62,Taif
C04969,59,Tabuk
C04970,36,Abha
C04971,41,Jeddah
C04972,52,Tabuk
C04973,41,Mecca
C04974,45,Tabuk
C04975,48,Jeddah
C04976,45,Riyadh
C04977,67,Jeddah
C04978,40,Taif
C04979,64,Mecca
C04980,58,Dammam
C04981,27,Riyadh
C04982,23,Dammam
C04983,30,Dammam
C04984,25,Tabuk
C04985,40,Jeddah
C04986,41,Mecca
C04987,43,Taif
C04988,39,Khobar
C04989,28,Mecca
C04990,35,Tabuk
C04991,31,Tabuk
C04992,68,Taif
C04993,50,Jeddah
C04994,58,Tabuk
C04995,67,Jeddah
C04996,23,Tabuk
C04997,49,Tabuk
C04998,34,Tabuk
C04999,50,Taif
C05000,32,Dammam
